pair_code,city,brand,category,female_product,male_product,female_size,male_size,retailer,date_observed,female_price_local,male_price_local,currency,female_on_promo,male_on_promo,female_ppu_local,male_ppu_local,pink_tax_pct,match_quality,confidence,match_notes,ingredient_count_female,ingredient_count_male,ingredient_overlap_pct,top_5_shared,female_unique_count,male_unique_count,jaccard_similarity,data_source,obf_female_match,obf_male_match
BBLUNT-HAIRCOLO-HYD-AUTO001,Hyderabad,BBlunt,Hair Colour,BBlunt Salon Secret Hair Colour Women,BBlunt Men Hair Colour,100,100,Amazon.in,2026-03-09,333,284,INR,1,1,3.33,2.84,17.2535,3,HIGH,source=amazon_in_raw.csv,,,,,,,,,,
BIODERMA-FACIALCL-HYD-AUTO001,Hyderabad,Bioderma,Facial Cleanser,Bioderma Sensibio H2O Micellar Water Women (250ml),Bioderma Sébium H2O Men (200ml),250,200,Amazon.in,2026-03-09,629,899,INR,1,1,2.516,4.495,-44.0267,3,HIGH,source=amazon_in_raw.csv,10,10,90.0,allantoin|aqua|citric acid|cocamidopropyl betaine|glycerin,1,1,0.8182,fallback_table,built-in,built-in
BIOR-BODYLOTI-HYD-AUTO001,Hyderabad,Bioré,Body Lotion,Bioré Body Essence Milk Women 300ml,Bioré Men Body Lotion 300ml,300,300,Amazon.in,2026-03-09,1499,1799,INR,1,1,4.996667,5.996667,-16.6759,3,HIGH,source=amazon_in_raw.csv,10,10,80.0,aqua|ceramide|cetearyl alcohol|dimethicone|glycerin,2,2,0.6667,fallback_table,built-in,built-in
BIOR-BODYWASH-HYD-AUTO009,Hyderabad,Bioré,Body Wash,Bioré Guard Body Wash Women 480ml,Bioré Men Guard Body Wash 480ml,480,480,Amazon.in,2026-03-09,2040,2040,INR,1,1,4.25,4.25,0.0,3,HIGH,source=amazon_in_raw.csv,10,10,90.0,aqua|citric acid|cocamidopropyl betaine|glycerin|parfum,1,1,0.8182,fallback_table,built-in,built-in
BIOR-DEODORAN-HYD-AUTO001,Hyderabad,Bioré,Deodorant Roll-On,Bioré Deo Foot & Body Sheet Women 32-pack,Bioré Men Deo Sheet 32-pack,100,100,Amazon.in,2026-03-09,650,1812,INR,1,1,6.5,18.12,-64.128,3,HIGH,source=amazon_in_raw.csv,10,10,80.0,aluminum chlorohydrate|aqua|cyclopentasiloxane|dimethicone|parfum,2,2,0.6667,fallback_table,built-in,built-in
BIOR-DEODORAN-HYD-AUTO011,Hyderabad,Bioré,Deodorant Roll-On,Bioré Soft Stone Deodorant Women (40ml),Bioré Deo Roll-On Men Cool Fresh (40ml),40,40,Amazon.in,2026-03-09,650,1812,INR,1,1,16.25,45.3,-64.128,3,HIGH,source=amazon_in_raw.csv,10,10,80.0,aluminum chlorohydrate|aqua|cyclopentasiloxane|dimethicone|parfum,2,2,0.6667,fallback_table,built-in,built-in
BIOR-FACEMOIS-HYD-AUTO001,Hyderabad,Bioré,Face Moisturizer,Bioré UV Moisture Milk Cream SPF50 Women (50ml),Bioré Men Face Milk Moist (50ml),50,50,Amazon.in,2026-03-09,1499,1299,INR,1,1,29.98,25.98,15.3965,3,HIGH,source=amazon_in_raw.csv,23,23,100.0,acrylates|aqua|c10-30 alkyl acrylate crosspolymer|capric triglyceride|caprylic,0,0,1.0,api,Gel nettoyant en profondeur au charbon,Gel nettoyant en profondeur au charbon
BIOR-FACIALCL-HYD-AUTO001,Hyderabad,Bioré,Facial Cleanser,Bioré Marshmallow Whip Face Wash 150ml,Bioré Men Facial Foam 130ml,150,130,Amazon.in,2026-03-09,873,699,INR,1,1,5.82,5.376923,8.2403,3,HIGH,source=amazon_in_raw.csv,10,10,70.0,aqua|citric acid|cocamidopropyl betaine|glycerin|parfum,3,3,0.5385,fallback_table,built-in,built-in
BIOR-HANDCREA-HYD-AUTO001,Hyderabad,Bioré,Hand Cream,Bioré Moist Hand Cream Women (60g),Bioré Men Hand Milk (60g),60,60,Amazon.in,2026-03-09,1140,699,INR,1,1,19.0,11.65,63.0901,3,HIGH,source=amazon_in_raw.csv,10,10,70.0,aqua|ceramide|cetearyl alcohol|dimethicone|glycerin,3,3,0.5385,fallback_table,built-in,built-in
BIOTIQ-BARSOAP-HYD-AUTO017,Hyderabad,Biotique,Bar Soap,Biotique Bio Almond Oil Nourishing Soap,Biotique Bio Neem Purifying Soap,100,100,Amazon.in,2026-03-09,107,156,INR,1,1,1.07,1.56,-31.4103,3,HIGH,source=amazon_in_raw.csv,10,10,70.0,aqua|glycerin|parfum|sodium chloride|sodium cocoate,3,3,0.5385,fallback_table,built-in,built-in
BIOTIQ-BARSOAP-HYD-AUTO017,Hyderabad,Biotique,Bar Soap,Biotique Bio Almond Oil Nourishing Soap,Biotique Bio Neem Purifying Soap,100,100,Blinkit,2026-03-19,94,279,INR,0,0,0.94,2.79,-66.3082,3,MED,source=blinkit_raw.csv,10,10,70.0,aqua|glycerin|parfum|sodium chloride|sodium cocoate,3,3,0.5385,fallback_table,built-in,built-in
BIOTIQ-BARSOAP-HYD-AUTO017,Hyderabad,Biotique,Bar Soap,Biotique Bio Almond Oil Nourishing Soap,Biotique Bio Neem Purifying Soap,100,100,Flipkart,2026-03-18,548,500,INR,0,0,5.48,5.0,9.6,3,HIGH,source=flipkart_raw.csv,10,10,70.0,aqua|glycerin|parfum|sodium chloride|sodium cocoate,3,3,0.5385,fallback_table,built-in,built-in
BIOTIQ-SHAMPOO-HYD-AUTO021,Hyderabad,Biotique,Shampoo,Biotique Bio Kelp Fresh Growth Shampoo,Biotique Bio Green Apple Shampoo,100,100,Amazon.in,2026-03-09,180,180,INR,1,1,1.8,1.8,0.0,3,HIGH,source=amazon_in_raw.csv,10,10,70.0,aqua|citric acid|cocamidopropyl betaine|glycerin|parfum,3,3,0.5385,fallback_table,built-in,built-in
BIOTIQ-SHAMPOO-HYD-AUTO021,Hyderabad,Biotique,Shampoo,Biotique Bio Kelp Fresh Growth Shampoo,Biotique Bio Green Apple Shampoo,100,100,Blinkit,2026-03-19,279,279,INR,0,0,2.79,2.79,0.0,3,MED,source=blinkit_raw.csv,10,10,70.0,aqua|citric acid|cocamidopropyl betaine|glycerin|parfum,3,3,0.5385,fallback_table,built-in,built-in
BIOTIQ-SHAMPOO-HYD-AUTO021,Hyderabad,Biotique,Shampoo,Biotique Bio Kelp Fresh Growth Shampoo,Biotique Bio Green Apple Shampoo,100,100,Flipkart,2026-03-18,150,441,INR,0,0,1.5,4.41,-65.9864,3,HIGH,source=flipkart_raw.csv,10,10,70.0,aqua|citric acid|cocamidopropyl betaine|glycerin|parfum,3,3,0.5385,fallback_table,built-in,built-in
BIOTIQUE-BODYLOTI-HYD-AUTO001,Hyderabad,Biotique,Body Lotion,Biotique Bio Almond Oil Moisturizer 200ml,Biotique Bio Morning Nectar Moisturizer 200ml,200,200,Amazon.in,2026-03-09,233,194,INR,1,1,1.165,0.97,20.1031,3,HIGH,source=amazon_in_raw.csv,10,10,80.0,aqua|cetearyl alcohol|dimethicone|glycerin|parfum,2,2,0.6667,fallback_table,built-in,built-in
BIOTIQUE-BODYLOTI-HYD-AUTO001,Hyderabad,Biotique,Body Lotion,Biotique Bio Almond Oil Moisturizer 200ml,Biotique Bio Morning Nectar Moisturizer 200ml,200,200,Blinkit,2026-03-19,147,699,INR,0,0,0.735,3.495,-78.97,3,MED,source=blinkit_raw.csv,10,10,80.0,aqua|cetearyl alcohol|dimethicone|glycerin|parfum,2,2,0.6667,fallback_table,built-in,built-in
BIOTIQUE-BODYLOTI-HYD-AUTO001,Hyderabad,Biotique,Body Lotion,Biotique Bio Almond Oil Moisturizer 200ml,Biotique Bio Morning Nectar Moisturizer 200ml,200,200,Flipkart,2026-03-18,160,126,INR,0,0,0.8,0.63,26.9841,3,HIGH,source=flipkart_raw.csv,10,10,80.0,aqua|cetearyl alcohol|dimethicone|glycerin|parfum,2,2,0.6667,fallback_table,built-in,built-in
BIOTIQUE-FACIALCL-HYD-AUTO001,Hyderabad,Biotique,Facial Cleanser,Biotique Bio Honey Gel Foaming Face Wash 100ml,Biotique Bio Neem Foaming Face Wash 100ml,100,100,Amazon.in,2026-03-09,147,192,INR,1,1,1.47,1.92,-23.4375,3,HIGH,source=amazon_in_raw.csv,10,10,70.0,aqua|citric acid|cocamidopropyl betaine|glycerin|parfum,3,3,0.5385,fallback_table,built-in,built-in
BIOTIQUE-FACIALCL-HYD-AUTO001,Hyderabad,Biotique,Facial Cleanser,Biotique Bio Honey Gel Foaming Face Wash 100ml,Biotique Bio Neem Foaming Face Wash 100ml,100,100,Blinkit,2026-03-19,280,297,INR,0,0,2.8,2.97,-5.7239,3,MED,source=blinkit_raw.csv,10,10,70.0,aqua|citric acid|cocamidopropyl betaine|glycerin|parfum,3,3,0.5385,fallback_table,built-in,built-in
BIOTIQUE-FACIALCL-HYD-AUTO001,Hyderabad,Biotique,Facial Cleanser,Biotique Bio Honey Gel Foaming Face Wash 100ml,Biotique Bio Neem Foaming Face Wash 100ml,100,100,Flipkart,2026-03-18,172,151,INR,0,0,1.72,1.51,13.9073,3,HIGH,source=flipkart_raw.csv,10,10,70.0,aqua|citric acid|cocamidopropyl betaine|glycerin|parfum,3,3,0.5385,fallback_table,built-in,built-in
COLGATE-TOOTHPAS-HYD-AUTO002,Hyderabad,Colgate,Toothpaste,Colgate Optic White Women (100g),Colgate Men Active Clean (100g),100,100,Amazon.in,2026-03-09,799,265,INR,1,1,7.99,2.65,201.5094,3,HIGH,source=amazon_in_raw.csv,10,10,90.0,cellulose gum|glycerin|hydrated silica|sodium lauryl sulfate|sodium monofluorophosphate,1,1,0.8182,fallback_table,built-in,built-in
COLGATE-TOOTHPAS-HYD-AUTO002,Hyderabad,Colgate,Toothpaste,Colgate Optic White Women (100g),Colgate Men Active Clean (100g),100,100,Blinkit,2026-03-19,149,193,INR,0,0,1.49,1.93,-22.7979,3,MED,source=blinkit_raw.csv,10,10,90.0,cellulose gum|glycerin|hydrated silica|sodium lauryl sulfate|sodium monofluorophosphate,1,1,0.8182,fallback_table,built-in,built-in
COLGATE-TOOTHPAS-HYD-AUTO002,Hyderabad,Colgate,Toothpaste,Colgate Optic White Women (100g),Colgate Men Active Clean (100g),100,100,Flipkart,2026-03-18,298,152,INR,0,0,2.98,1.52,96.0526,3,HIGH,source=flipkart_raw.csv,10,10,90.0,cellulose gum|glycerin|hydrated silica|sodium lauryl sulfate|sodium monofluorophosphate,1,1,0.8182,fallback_table,built-in,built-in
COWBRA-BARSOAP-HYD-AUTO029,Hyderabad,Cow Brand,Bar Soap,Cow Brand Excellent Beauty Soap 135g,Cow Brand Excellent Men Soap 135g,135,135,Amazon.in,2026-03-09,899,2349,INR,1,1,6.659259,17.4,-61.7284,3,HIGH,source=amazon_in_raw.csv,10,10,80.0,aqua|glycerin|parfum|sodium chloride|sodium cocoate,2,2,0.6667,fallback_table,built-in,built-in
CUREL-BODYLOTI-HYD-AUTO001,Hyderabad,Curel,Body Lotion,Curel Moisture Lotion 150ml,Curel Men Moisturizing Lotion 150ml,150,150,Amazon.in,2026-03-09,2120,2270,INR,1,1,14.133333,15.133333,-6.6079,3,HIGH,source=amazon_in_raw.csv,10,10,80.0,aqua|ceramide|cetearyl alcohol|dimethicone|glycerin,2,2,0.6667,fallback_table,built-in,built-in
CUREL-FACETONE-HYD-AUTO033,Hyderabad,Curel,Face Toner,Curel Moisture Face Toner Women 150ml,Curel Men Toner 150ml,150,150,Amazon.in,2026-03-09,4299,4256,INR,1,1,28.66,28.373333,1.0103,3,HIGH,source=amazon_in_raw.csv,15,15,100.0,aqua|dipotassium glycyrrhizate|disodium edta|ethylhexylglycerin|glycerin,0,0,1.0,api,Foaming Facial Wash,Foaming Facial Wash
CUREL-FACIALCL-HYD-AUTO001,Hyderabad,Curel,Facial Cleanser,Curel Moisture Face Wash Women 150ml,Curel Men Face Wash 150ml,150,150,Amazon.in,2026-03-09,4299,1840,INR,1,1,28.66,12.266667,133.6413,3,HIGH,source=amazon_in_raw.csv,10,10,80.0,allantoin|aqua|ceramide|citric acid|cocamidopropyl betaine,2,2,0.6667,fallback_table,built-in,built-in
CUREL-SUNSCREE-HYD-AUTO035,Hyderabad,Curel,Sunscreen,Curel UV Protection Face Milk SPF50+ 60ml,Curel Men UV Protection Cream 60ml,60,60,Amazon.in,2026-03-09,2270,2270,INR,1,1,37.833333,37.833333,0.0,3,HIGH,source=amazon_in_raw.csv,10,10,80.0,aqua|ceramide|diethylamino hydroxybenzoyl hexyl benzoate|ethylhexyl triazone|glycerin,2,2,0.6667,fallback_table,built-in,built-in
DHC-FACIALCL-HYD-AUTO001,Hyderabad,DHC,Facial Cleanser,DHC Deep Cleansing Oil Women (120ml),DHC Men Oil Cleansing (120ml),120,120,Amazon.in,2026-03-09,9429,9429,INR,1,1,78.575,78.575,0.0,3,HIGH,source=amazon_in_raw.csv,10,10,70.0,aqua|citric acid|cocamidopropyl betaine|glycerin|olive oil,3,3,0.5385,fallback_table,built-in,built-in
DHC-HANDCREA-HYD-AUTO001,Hyderabad,DHC,Hand Cream,DHC Medicated Hand Cream Women 50ml,DHC Men Hand Cream 50ml,50,50,Amazon.in,2026-03-09,232904,245557,INR,1,0,4658.08,4911.14,-5.1528,3,HIGH,source=amazon_in_raw.csv,10,10,80.0,aqua|cetearyl alcohol|dimethicone|glycerin|olive oil,2,2,0.6667,fallback_table,built-in,built-in
DOVE-BARSOAP-HYD-AUTO044,Hyderabad,Dove,Bar Soap,Dove Beauty Bar Japan 135g,Dove Men+Care Clean Comfort Bar Japan 135g,135,135,Amazon.in,2026-03-09,248,729,INR,1,1,1.837037,5.4,-65.9808,3,HIGH,source=amazon_in_raw.csv,10,10,90.0,aqua|glycerin|lauric acid|parfum|sodium isethionate,1,1,0.8182,fallback_table,built-in,built-in
DOVE-BARSOAP-HYD-AUTO044,Hyderabad,Dove,Bar Soap,Dove Beauty Bar Japan 135g,Dove Men+Care Clean Comfort Bar Japan 135g,135,135,Blinkit,2026-03-19,110,110,INR,0,0,0.814815,0.814815,0.0,3,MED,source=blinkit_raw.csv,10,10,90.0,aqua|glycerin|lauric acid|parfum|sodium isethionate,1,1,0.8182,fallback_table,built-in,built-in
DOVE-CONDITIO-HYD-AUTO002,Hyderabad,Dove,Conditioner,Dove Moisture Care Conditioner 500ml,Dove Men+Care Hair Defence Conditioner 500ml,500,500,Amazon.in,2026-03-09,278,1037,INR,1,1,0.556,2.074,-73.1919,3,HIGH,source=amazon_in_raw.csv,10,10,90.0,aqua|behentrimonium chloride|cetearyl alcohol|citric acid|dimethicone,1,1,0.8182,fallback_table,built-in,built-in
DOVE-CONDITIO-HYD-AUTO002,Hyderabad,Dove,Conditioner,Dove Moisture Care Conditioner 500ml,Dove Men+Care Hair Defence Conditioner 500ml,500,500,Blinkit,2026-03-19,531,531,INR,0,0,1.062,1.062,0.0,3,MED,source=blinkit_raw.csv,10,10,90.0,aqua|behentrimonium chloride|cetearyl alcohol|citric acid|dimethicone,1,1,0.8182,fallback_table,built-in,built-in
DOVE-DEODORAN-HYD-AUTO001,Hyderabad,Dove,Deodorant Roll-On,Dove Eventone Deodorant Roll-On,Dove Men+Care Dry Comfort Roll-On,100,100,Blinkit,2026-03-19,334,299,INR,0,0,3.34,2.99,11.7057,3,MED,source=blinkit_raw.csv,10,10,90.0,aluminum zirconium tetrachlorohydrex gly|aqua|cyclopentasiloxane|dimethicone|hydrogenated castor oil,1,1,0.8182,fallback_table,built-in,built-in
DOVE-DEODORAN-HYD-AUTO002,Hyderabad,Dove,Deodorant Roll-On,Dove Advance Care Deodorant Women (40ml),Dove Men+Care Roll-On (40ml),40,40,Blinkit,2026-03-19,576,318,INR,0,0,14.4,7.95,81.1321,3,MED,source=blinkit_raw.csv,10,10,90.0,aluminum zirconium tetrachlorohydrex gly|aqua|cyclopentasiloxane|dimethicone|hydrogenated castor oil,1,1,0.8182,fallback_table,built-in,built-in
DOVE-DEODORAN-HYD-AUTO052,Hyderabad,Dove,Deodorant Spray,Dove Eventone Body Spray Women 150ml,Dove Men+Care Clean Comfort Spray 150ml,150,150,Amazon.in,2026-03-09,639,2510,INR,1,1,4.26,16.733333,-74.5418,3,HIGH,source=amazon_in_raw.csv,10,10,90.0,alcohol denat|aluminum chlorohydrate|aqua|butane|cyclopentasiloxane,1,1,0.8182,fallback_table,built-in,built-in
DOVE-DEODORAN-HYD-AUTO052,Hyderabad,Dove,Deodorant Spray,Dove Eventone Body Spray Women 150ml,Dove Men+Care Clean Comfort Spray 150ml,150,150,Blinkit,2026-03-19,184,108,INR,0,0,1.226667,0.72,70.3704,3,MED,source=blinkit_raw.csv,10,10,90.0,alcohol denat|aluminum chlorohydrate|aqua|butane|cyclopentasiloxane,1,1,0.8182,fallback_table,built-in,built-in
DOVE-DEODORAN-HYD-AUTO052,Hyderabad,Dove,Deodorant Spray,Dove Eventone Body Spray Women 150ml,Dove Men+Care Clean Comfort Spray 150ml,150,150,Flipkart,2026-03-18,206,561,INR,0,0,1.373333,3.74,-63.2799,3,HIGH,source=flipkart_raw.csv,10,10,90.0,alcohol denat|aluminum chlorohydrate|aqua|butane|cyclopentasiloxane,1,1,0.8182,fallback_table,built-in,built-in
DOVE-FACIALCL-HYD-AUTO053,Hyderabad,Dove,Facial Cleanser,Dove Cream Milk Face Wash 100ml,Dove Men+Care Sensitive Face Wash 100ml,100,100,Amazon.in,2026-03-09,314,978,INR,1,1,3.14,9.78,-67.8937,3,HIGH,source=amazon_in_raw.csv,10,10,90.0,aqua|citric acid|cocamidopropyl betaine|glycerin|panthenol,1,1,0.8182,fallback_table,built-in,built-in
DOVE-FACIALCL-HYD-AUTO053,Hyderabad,Dove,Facial Cleanser,Dove Cream Milk Face Wash 100ml,Dove Men+Care Sensitive Face Wash 100ml,100,100,Blinkit,2026-03-19,199,249,INR,0,0,1.99,2.49,-20.0803,3,MED,source=blinkit_raw.csv,10,10,90.0,aqua|citric acid|cocamidopropyl betaine|glycerin|panthenol,1,1,0.8182,fallback_table,built-in,built-in
DOVE-SUNSCREE-HYD-AUTO001,Hyderabad,Dove,Sunscreen,Dove Even Tone Antiperspirant+SPF Roll-On 50ml,Dove Men+Care Control Antiperspirant Roll-On 50ml,50,50,Amazon.in,2026-03-09,284,999,INR,1,1,5.68,19.98,-71.5716,3,HIGH,source=amazon_in_raw.csv,10,10,90.0,aqua|avobenzone|dimethicone|ethylhexyl salicylate|glycerin,1,1,0.8182,fallback_table,built-in,built-in
DOVE-SUNSCREE-HYD-AUTO001,Hyderabad,Dove,Sunscreen,Dove Even Tone Antiperspirant+SPF Roll-On 50ml,Dove Men+Care Control Antiperspirant Roll-On 50ml,50,50,Blinkit,2026-03-19,203,169,INR,0,0,4.06,3.38,20.1183,3,MED,source=blinkit_raw.csv,10,10,90.0,aqua|avobenzone|dimethicone|ethylhexyl salicylate|glycerin,1,1,0.8182,fallback_table,built-in,built-in
DOVE-SUNSCREE-HYD-AUTO001,Hyderabad,Dove,Sunscreen,Dove Even Tone Antiperspirant+SPF Roll-On 50ml,Dove Men+Care Control Antiperspirant Roll-On 50ml,50,50,Flipkart,2026-03-18,259,169,INR,0,0,5.18,3.38,53.2544,3,HIGH,source=flipkart_raw.csv,10,10,90.0,aqua|avobenzone|dimethicone|ethylhexyl salicylate|glycerin,1,1,0.8182,fallback_table,built-in,built-in
ENGAGE-DEODORAN-HYD-AUTO001,Hyderabad,Engage,Deodorant Spray,Engage W1 Deodorant Spray Women 150ml,Engage M1 Deodorant Spray Men 150ml,150,150,Amazon.in,2026-03-09,159,134,INR,1,1,1.06,0.893333,18.6568,3,HIGH,source=amazon_in_raw.csv,10,10,90.0,alcohol denat|aluminum chlorohydrate|aqua|butane|cyclopentasiloxane,1,1,0.8182,fallback_table,built-in,built-in
ENGAGE-DEODORAN-HYD-AUTO001,Hyderabad,Engage,Deodorant Spray,Engage W1 Deodorant Spray Women 150ml,Engage M1 Deodorant Spray Men 150ml,150,150,Blinkit,2026-03-19,189,108,INR,0,0,1.26,0.72,75.0,3,MED,source=blinkit_raw.csv,10,10,90.0,alcohol denat|aluminum chlorohydrate|aqua|butane|cyclopentasiloxane,1,1,0.8182,fallback_table,built-in,built-in
ENGAGE-DEODORAN-HYD-AUTO001,Hyderabad,Engage,Deodorant Spray,Engage W1 Deodorant Spray Women 150ml,Engage M1 Deodorant Spray Men 150ml,150,150,Flipkart,2026-03-18,176,259,INR,0,0,1.173333,1.726667,-32.0464,3,HIGH,source=flipkart_raw.csv,10,10,90.0,alcohol denat|aluminum chlorohydrate|aqua|butane|cyclopentasiloxane,1,1,0.8182,fallback_table,built-in,built-in
FIAMA-BARSOAP-HYD-AUTO001,Hyderabad,Fiama,Bar Soap,Fiama Women Gel Bar,Fiama Men Gel Bar,100,100,Amazon.in,2026-03-09,187,176,INR,1,1,1.87,1.76,6.25,3,HIGH,source=amazon_in_raw.csv,10,10,70.0,aqua|glycerin|parfum|sodium chloride|sodium palm kernelate,3,3,0.5385,fallback_table,built-in,built-in
FIAMA-BARSOAP-HYD-AUTO001,Hyderabad,Fiama,Bar Soap,Fiama Women Gel Bar,Fiama Men Gel Bar,100,100,Blinkit,2026-03-19,259,72,INR,0,0,2.59,0.72,259.7222,3,MED,source=blinkit_raw.csv,10,10,70.0,aqua|glycerin|parfum|sodium chloride|sodium palm kernelate,3,3,0.5385,fallback_table,built-in,built-in
FIAMA-BARSOAP-HYD-AUTO001,Hyderabad,Fiama,Bar Soap,Fiama Women Gel Bar,Fiama Men Gel Bar,100,100,Flipkart,2026-03-18,189,300,INR,0,0,1.89,3.0,-37.0,3,HIGH,source=flipkart_raw.csv,10,10,70.0,aqua|glycerin|parfum|sodium chloride|sodium palm kernelate,3,3,0.5385,fallback_table,built-in,built-in
FIAMA-BODYWASH-HYD-AUTO001,Hyderabad,Fiama,Body Wash,Fiama Women Shower Gel Peach & Avocado,Fiama Men Refreshing Shower Gel,100,100,Amazon.in,2026-03-09,157,125,INR,1,1,1.57,1.25,25.6,3,HIGH,source=amazon_in_raw.csv,10,10,80.0,aqua|citric acid|cocamidopropyl betaine|glycerin|parfum,2,2,0.6667,fallback_table,built-in,built-in
FIAMA-BODYWASH-HYD-AUTO001,Hyderabad,Fiama,Body Wash,Fiama Women Shower Gel Peach & Avocado,Fiama Men Refreshing Shower Gel,100,100,Flipkart,2026-03-18,160,461,INR,0,0,1.6,4.61,-65.2928,3,HIGH,source=flipkart_raw.csv,10,10,80.0,aqua|citric acid|cocamidopropyl betaine|glycerin|parfum,2,2,0.6667,fallback_table,built-in,built-in
FOGG-DEODORAN-HYD-AUTO001,Hyderabad,Fogg,Deodorant Roll-On,Fogg Miss Dew Roll-On Women,Fogg Master Roll-On Men,100,100,Amazon.in,2026-03-09,195,299,INR,1,1,1.95,2.99,-34.7826,3,HIGH,source=amazon_in_raw.csv,10,10,80.0,aluminum zirconium tetrachlorohydrex gly|aqua|cyclopentasiloxane|dimethicone|parfum,2,2,0.6667,fallback_table,built-in,built-in
FOGG-DEODORAN-HYD-AUTO001,Hyderabad,Fogg,Deodorant Roll-On,Fogg Miss Dew Roll-On Women,Fogg Master Roll-On Men,100,100,Blinkit,2026-03-19,487,493,INR,0,0,4.87,4.93,-1.217,3,MED,source=blinkit_raw.csv,10,10,80.0,aluminum zirconium tetrachlorohydrex gly|aqua|cyclopentasiloxane|dimethicone|parfum,2,2,0.6667,fallback_table,built-in,built-in
FOGG-DEODORAN-HYD-AUTO001,Hyderabad,Fogg,Deodorant Roll-On,Fogg Miss Dew Roll-On Women,Fogg Master Roll-On Men,100,100,Flipkart,2026-03-18,283,256,INR,0,0,2.83,2.56,10.5469,3,HIGH,source=flipkart_raw.csv,10,10,80.0,aluminum zirconium tetrachlorohydrex gly|aqua|cyclopentasiloxane|dimethicone|parfum,2,2,0.6667,fallback_table,built-in,built-in
FOGG-DEODORAN-HYD-AUTO002,Hyderabad,Fogg,Deodorant Spray,Fogg Royal Women Body Spray 150ml,Fogg Macho Men Body Spray 150ml,150,150,Amazon.in,2026-03-09,443,239,INR,1,1,2.953333,1.593333,85.3557,3,HIGH,source=amazon_in_raw.csv,10,10,90.0,alcohol denat|aluminum chlorohydrate|aqua|butane|cyclopentasiloxane,1,1,0.8182,fallback_table,built-in,built-in
FOGG-DEODORAN-HYD-AUTO002,Hyderabad,Fogg,Deodorant Spray,Fogg Royal Women Body Spray 150ml,Fogg Macho Men Body Spray 150ml,150,150,Blinkit,2026-03-19,211,210,INR,0,0,1.406667,1.4,0.4762,3,MED,source=blinkit_raw.csv,10,10,90.0,alcohol denat|aluminum chlorohydrate|aqua|butane|cyclopentasiloxane,1,1,0.8182,fallback_table,built-in,built-in
FOGG-DEODORAN-HYD-AUTO002,Hyderabad,Fogg,Deodorant Spray,Fogg Royal Women Body Spray 150ml,Fogg Macho Men Body Spray 150ml,150,150,Flipkart,2026-03-18,182,167,INR,0,0,1.213333,1.113333,8.982,3,HIGH,source=flipkart_raw.csv,10,10,90.0,alcohol denat|aluminum chlorohydrate|aqua|butane|cyclopentasiloxane,1,1,0.8182,fallback_table,built-in,built-in
GARNIER-SHAMPOO-HYD-AUTO001,Hyderabad,Garnier,Shampoo,Garnier Ultra Blends Soy Milk Shampoo 340ml,Garnier Men Anti-Dandruff Shampoo 340ml,340,340,Amazon.in,2026-03-09,899,284,INR,1,1,2.644118,0.835294,216.5494,3,HIGH,source=amazon_in_raw.csv,10,10,90.0,aqua|citric acid|cocamidopropyl betaine|dimethicone|glycerin,1,1,0.8182,fallback_table,built-in,built-in
GARNIER-SHAMPOO-HYD-AUTO001,Hyderabad,Garnier,Shampoo,Garnier Ultra Blends Soy Milk Shampoo 340ml,Garnier Men Anti-Dandruff Shampoo 340ml,340,340,Blinkit,2026-03-19,301,408,INR,0,0,0.885294,1.2,-26.2255,3,MED,source=blinkit_raw.csv,10,10,90.0,aqua|citric acid|cocamidopropyl betaine|dimethicone|glycerin,1,1,0.8182,fallback_table,built-in,built-in
GARNIER-SHAMPOO-HYD-AUTO001,Hyderabad,Garnier,Shampoo,Garnier Ultra Blends Soy Milk Shampoo 340ml,Garnier Men Anti-Dandruff Shampoo 340ml,340,340,Flipkart,2026-03-18,244,404,INR,0,0,0.717647,1.188235,-39.604,3,HIGH,source=flipkart_raw.csv,10,10,90.0,aqua|citric acid|cocamidopropyl betaine|dimethicone|glycerin,1,1,0.8182,fallback_table,built-in,built-in
GILLET-RAZOR3BL-HYD-AUTO075,Hyderabad,Gillette/Venus,Razor (3-blade starter kit),Gillette Venus Smooth (handle + 2 cartridges),Gillette Mach3 (handle + 1 cartridge),100,100,Amazon.in,2026-03-09,99,349,INR,1,1,0.99,3.49,-71.6332,3,HIGH,source=amazon_in_raw.csv,15,15,100.0,aloe barbadensis leaf juice|bht|glycol|lubrastrip : peg-7m|peg-100,0,0,1.0,api,Swirl,Swirl
GILLETTE-RAZOR3BL-HYD-AUTO001,Hyderabad,Gillette/Venus,Razor (3-blade starter kit),Gillette Venus Smooth Razor,Gillette Mach3 Razor,1,1,Amazon.in,2026-03-09,99,350,INR,1,1,99.0,350.0,-71.7143,5,HIGH,source=amazon_in_raw.csv,15,15,100.0,aloe barbadensis leaf juice|bht|glycol|lubrastrip : peg-7m|peg-100,0,0,1.0,api,Swirl,Swirl
GILLETTE-RAZOR3BL-HYD-AUTO002,Hyderabad,Gillette/Venus,Razor (3-blade starter kit),Gillette Venus Simply 3 Disposable Razor 3-pack,Gillette Blue3 Disposable Razor 3-pack,100,100,Amazon.in,2026-03-09,99,200,INR,1,1,0.99,2.0,-50.5,3,HIGH,source=amazon_in_raw.csv,15,15,100.0,aloe barbadensis leaf juice|bht|glycol|lubrastrip : peg-7m|peg-100,0,0,1.0,api,Swirl,Swirl
GILLETTE-RAZOR3BL-HYD-AUTO003,Hyderabad,Gillette/Venus,Razor (3-blade starter kit),Gillette Venus Embrace Razor + 2 blades,Gillette Mach3 Razor + 2 cartridges,100,100,Amazon.in,2026-03-09,99,227,INR,1,1,0.99,2.27,-56.3877,3,HIGH,source=amazon_in_raw.csv,15,15,100.0,aloe barbadensis leaf juice|bht|glycol|lubrastrip : peg-7m|peg-100,0,0,1.0,api,Swirl,Swirl
GODREJ-BARSOAP-HYD-AUTO001,Hyderabad,Godrej,Bar Soap,Godrej Nupur Moisturising Soap (100g),Godrej Expert Men Soap (100g),100,100,Amazon.in,2026-03-09,130,125,INR,1,1,1.3,1.25,4.0,3,HIGH,source=amazon_in_raw.csv,10,10,80.0,aqua|glycerin|parfum|sodium chloride|sodium palm kernelate,2,2,0.6667,fallback_table,built-in,built-in
GODREJ-BARSOAP-HYD-AUTO001,Hyderabad,Godrej,Bar Soap,Godrej Nupur Moisturising Soap (100g),Godrej Expert Men Soap (100g),100,100,Blinkit,2026-03-19,60,96,INR,0,0,0.6,0.96,-37.5,3,MED,source=blinkit_raw.csv,10,10,80.0,aqua|glycerin|parfum|sodium chloride|sodium palm kernelate,2,2,0.6667,fallback_table,built-in,built-in
GODREJ-BARSOAP-HYD-AUTO001,Hyderabad,Godrej,Bar Soap,Godrej Nupur Moisturising Soap (100g),Godrej Expert Men Soap (100g),100,100,Flipkart,2026-03-18,173,242,INR,0,0,1.73,2.42,-28.5124,3,HIGH,source=flipkart_raw.csv,10,10,80.0,aqua|glycerin|parfum|sodium chloride|sodium palm kernelate,2,2,0.6667,fallback_table,built-in,built-in
HEADSHOU-CONDITIO-HYD-AUTO001,Hyderabad,Head & Shoulders,Conditioner,H&S Smooth & Silky Conditioner 340ml,H&S Men 2-in-1 Anti-Dandruff 340ml,340,340,Amazon.in,2026-03-09,180,206,INR,1,1,0.529412,0.605882,-12.6213,3,HIGH,source=amazon_in_raw.csv,10,10,90.0,aqua|behentrimonium chloride|cetearyl alcohol|citric acid|dimethicone,1,1,0.8182,fallback_table,built-in,built-in
HEADSHOU-CONDITIO-HYD-AUTO001,Hyderabad,Head & Shoulders,Conditioner,H&S Smooth & Silky Conditioner 340ml,H&S Men 2-in-1 Anti-Dandruff 340ml,340,340,Blinkit,2026-03-19,480,408,INR,0,0,1.411765,1.2,17.6471,3,MED,source=blinkit_raw.csv,10,10,90.0,aqua|behentrimonium chloride|cetearyl alcohol|citric acid|dimethicone,1,1,0.8182,fallback_table,built-in,built-in
HEADSHOU-CONDITIO-HYD-AUTO001,Hyderabad,Head & Shoulders,Conditioner,H&S Smooth & Silky Conditioner 340ml,H&S Men 2-in-1 Anti-Dandruff 340ml,340,340,Flipkart,2026-03-18,574,992,INR,0,0,1.688235,2.917647,-42.1371,3,HIGH,source=flipkart_raw.csv,10,10,90.0,aqua|behentrimonium chloride|cetearyl alcohol|citric acid|dimethicone,1,1,0.8182,fallback_table,built-in,built-in
HEADSHOU-SHAMPOO-HYD-AUTO001,Hyderabad,Head & Shoulders,Shampoo,H&S Smooth & Silky Shampoo,H&S Men Ultra Shampoo,100,100,Amazon.in,2026-03-09,169,539,INR,1,1,1.69,5.39,-68.6456,3,HIGH,source=amazon_in_raw.csv,10,10,90.0,aqua|citric acid|cocamidopropyl betaine|glycerin|parfum,1,1,0.8182,fallback_table,built-in,built-in
HEADSHOU-SHAMPOO-HYD-AUTO001,Hyderabad,Head & Shoulders,Shampoo,H&S Smooth & Silky Shampoo,H&S Men Ultra Shampoo,100,100,Blinkit,2026-03-19,340,220,INR,0,0,3.4,2.2,54.5455,3,MED,source=blinkit_raw.csv,10,10,90.0,aqua|citric acid|cocamidopropyl betaine|glycerin|parfum,1,1,0.8182,fallback_table,built-in,built-in
HEADSHOU-SHAMPOO-HYD-AUTO001,Hyderabad,Head & Shoulders,Shampoo,H&S Smooth & Silky Shampoo,H&S Men Ultra Shampoo,100,100,Flipkart,2026-03-18,199,930,INR,0,0,1.99,9.3,-78.6022,3,HIGH,source=flipkart_raw.csv,10,10,90.0,aqua|citric acid|cocamidopropyl betaine|glycerin|parfum,1,1,0.8182,fallback_table,built-in,built-in
HIMALAYA-BARSOAP-HYD-AUTO001,Hyderabad,Himalaya,Bar Soap,Himalaya Neem & Turmeric Soap,Himalaya Men Intense Oil Clear Soap,100,100,Blinkit,2026-03-19,194,194,INR,0,0,1.94,1.94,0.0,3,MED,source=blinkit_raw.csv,10,10,70.0,aqua|glycerin|parfum|sodium chloride|sodium cocoate,3,3,0.5385,fallback_table,built-in,built-in
HIMALAYA-BODYLOTI-HYD-AUTO001,Hyderabad,Himalaya,Body Lotion,Himalaya Nourishing Skin Cream 150ml,Himalaya Men Intense Moisturizing Cream 150ml,150,150,Amazon.in,2026-03-09,162,1145,INR,1,1,1.08,7.633333,-85.8515,3,HIGH,source=amazon_in_raw.csv,10,10,80.0,aloe vera|aqua|cetearyl alcohol|dimethicone|glycerin,2,2,0.6667,fallback_table,built-in,built-in
HIMALAYA-BODYLOTI-HYD-AUTO001,Hyderabad,Himalaya,Body Lotion,Himalaya Nourishing Skin Cream 150ml,Himalaya Men Intense Moisturizing Cream 150ml,150,150,Blinkit,2026-03-19,525,525,INR,0,0,3.5,3.5,0.0,3,MED,source=blinkit_raw.csv,10,10,80.0,aloe vera|aqua|cetearyl alcohol|dimethicone|glycerin,2,2,0.6667,fallback_table,built-in,built-in
HIMALAYA-CONDITIO-HYD-AUTO001,Hyderabad,Himalaya,Conditioner,Himalaya Protein Conditioner 200ml,Himalaya Men Protein Conditioner 200ml,200,200,Amazon.in,2026-03-09,107,159,INR,1,1,0.535,0.795,-32.7044,3,HIGH,source=amazon_in_raw.csv,10,10,80.0,aqua|behentrimonium chloride|cetearyl alcohol|citric acid|dimethicone,2,2,0.6667,fallback_table,built-in,built-in
HIMALAYA-CONDITIO-HYD-AUTO001,Hyderabad,Himalaya,Conditioner,Himalaya Protein Conditioner 200ml,Himalaya Men Protein Conditioner 200ml,200,200,Blinkit,2026-03-19,224,224,INR,0,0,1.12,1.12,0.0,3,MED,source=blinkit_raw.csv,10,10,80.0,aqua|behentrimonium chloride|cetearyl alcohol|citric acid|dimethicone,2,2,0.6667,fallback_table,built-in,built-in
HIMALAYA-FACEMOIS-HYD-AUTO001,Hyderabad,Himalaya,Face Moisturizer,Himalaya Nourishing Skin Cream 50ml,Himalaya Men Intense Moisturizing Cream 50ml,50,50,Amazon.in,2026-03-09,238,1145,INR,1,1,4.76,22.9,-79.214,3,HIGH,source=amazon_in_raw.csv,19,19,100.0,acrylates|ammonium lauryl sulfate|aqua|c10-30 alkyl acrylate crosspolymer|citric acid,0,0,1.0,api,Himalaya,Himalaya
HIMALAYA-FACEMOIS-HYD-AUTO001,Hyderabad,Himalaya,Face Moisturizer,Himalaya Nourishing Skin Cream 50ml,Himalaya Men Intense Moisturizing Cream 50ml,50,50,Blinkit,2026-03-19,233,289,INR,0,0,4.66,5.78,-19.3772,3,MED,source=blinkit_raw.csv,19,19,100.0,acrylates|ammonium lauryl sulfate|aqua|c10-30 alkyl acrylate crosspolymer|citric acid,0,0,1.0,api,Himalaya,Himalaya
HIMALAYA-FACEMOIS-HYD-AUTO001,Hyderabad,Himalaya,Face Moisturizer,Himalaya Nourishing Skin Cream 50ml,Himalaya Men Intense Moisturizing Cream 50ml,50,50,Flipkart,2026-03-18,204,132,INR,0,0,4.08,2.64,54.5455,3,HIGH,source=flipkart_raw.csv,19,19,100.0,acrylates|ammonium lauryl sulfate|aqua|c10-30 alkyl acrylate crosspolymer|citric acid,0,0,1.0,api,Himalaya,Himalaya
HIMALAYA-HANDWASH-HYD-AUTO001,Hyderabad,Himalaya,Hand Wash,Himalaya Pure Hands Sparkling Rose Hand Wash 250ml,Himalaya Men Active Fresh Hand Wash 250ml,250,250,Amazon.in,2026-03-09,99,99,INR,1,1,0.396,0.396,0.0,3,HIGH,source=amazon_in_raw.csv,19,19,100.0,acrylates|ammonium lauryl sulfate|aqua|c10-30 alkyl acrylate crosspolymer|citric acid,0,0,1.0,api,Himalaya,Himalaya
HIMALAYA-HANDWASH-HYD-AUTO001,Hyderabad,Himalaya,Hand Wash,Himalaya Pure Hands Sparkling Rose Hand Wash 250ml,Himalaya Men Active Fresh Hand Wash 250ml,250,250,Blinkit,2026-03-19,249,60,INR,0,0,0.996,0.24,315.0,3,MED,source=blinkit_raw.csv,19,19,100.0,acrylates|ammonium lauryl sulfate|aqua|c10-30 alkyl acrylate crosspolymer|citric acid,0,0,1.0,api,Himalaya,Himalaya
HIMALAYA-HANDWASH-HYD-AUTO001,Hyderabad,Himalaya,Hand Wash,Himalaya Pure Hands Sparkling Rose Hand Wash 250ml,Himalaya Men Active Fresh Hand Wash 250ml,250,250,Flipkart,2026-03-18,140,140,INR,0,0,0.56,0.56,0.0,3,HIGH,source=flipkart_raw.csv,19,19,100.0,acrylates|ammonium lauryl sulfate|aqua|c10-30 alkyl acrylate crosspolymer|citric acid,0,0,1.0,api,Himalaya,Himalaya
HIMALAYA-SHAMPOO-HYD-AUTO001,Hyderabad,Himalaya,Shampoo,Himalaya Anti-Dandruff Shampoo Women 200ml,Himalaya Men Anti-Dandruff Shampoo 200ml,200,200,Amazon.in,2026-03-09,388,141,INR,1,1,1.94,0.705,175.1773,3,HIGH,source=amazon_in_raw.csv,10,10,70.0,aqua|citric acid|cocamidopropyl betaine|glycerin|parfum,3,3,0.5385,fallback_table,built-in,built-in
HIMALAYA-SHAMPOO-HYD-AUTO001,Hyderabad,Himalaya,Shampoo,Himalaya Anti-Dandruff Shampoo Women 200ml,Himalaya Men Anti-Dandruff Shampoo 200ml,200,200,Blinkit,2026-03-19,450,495,INR,0,0,2.25,2.475,-9.0909,3,MED,source=blinkit_raw.csv,10,10,70.0,aqua|citric acid|cocamidopropyl betaine|glycerin|parfum,3,3,0.5385,fallback_table,built-in,built-in
HIMALAYA-SHAMPOO-HYD-AUTO001,Hyderabad,Himalaya,Shampoo,Himalaya Anti-Dandruff Shampoo Women 200ml,Himalaya Men Anti-Dandruff Shampoo 200ml,200,200,Flipkart,2026-03-18,241,258,INR,0,0,1.205,1.29,-6.5891,3,HIGH,source=flipkart_raw.csv,10,10,70.0,aqua|citric acid|cocamidopropyl betaine|glycerin|parfum,3,3,0.5385,fallback_table,built-in,built-in
HUL-DEODORAN-HYD-AUTO001,Hyderabad,HUL,Deodorant Spray,Dove Talc Deodorant Spray Women (150ml),Axe Signature Deodorant Spray (150ml),150,150,Amazon.in,2026-03-09,299,123,INR,1,1,1.993333,0.82,143.0894,3,HIGH,source=amazon_in_raw.csv,26,26,100.0,amyl cinnamal|avena sativa  straw extract|benzyl salicylate|bht|cetearyl alcohol,0,0,1.0,api,vaseline deep moisturizer,vaseline deep moisturizer
INDULEKH-HAIRGELS-HYD-AUTO001,Hyderabad,Indulekha,Hair Gel / Serum,Indulekha Bringha Hair Serum Women 50ml,Indulekha Men Anti Hairfall Serum 50ml,50,50,Amazon.in,2026-03-09,185,404,INR,1,1,3.7,8.08,-54.2079,3,HIGH,source=amazon_in_raw.csv,,,,,,,,,,
INDULEKH-SHAMPOO-HYD-AUTO001,Hyderabad,Indulekha,Shampoo,Indulekha Bringha Shampoo 200ml,Indulekha Men Hair Vitalizer 200ml,200,200,Amazon.in,2026-03-09,450,450,INR,1,1,2.25,2.25,0.0,3,HIGH,source=amazon_in_raw.csv,10,10,80.0,aqua|bhringraj oil|citric acid|cocamidopropyl betaine|glycerin,2,2,0.6667,fallback_table,built-in,built-in
KAO-FACETONE-HYD-AUTO001,Hyderabad,Kao,Face Toner,Kao Sofina IP Toner Women (200ml),Kao Men's Biore Toner (160ml),200,160,Amazon.in,2026-03-09,199,299,INR,1,1,0.995,1.86875,-46.7559,3,HIGH,source=amazon_in_raw.csv,19,19,100.0,benzalkonium chloride|butylene glycol|disodium edta|fragrance|glycol distearate,0,0,1.0,api,Biore guard antibacterial body foam,Biore guard antibacterial body foam
KAO-FACIALCL-HYD-AUTO001,Hyderabad,Kao,Facial Cleanser,Kao Sofina IP Women Facial Wash (130g),Kao Men's Biore Double Scrub Face Wash (130g),130,130,Amazon.in,2026-03-09,200,820,INR,1,1,1.538462,6.307692,-75.6097,3,HIGH,source=amazon_in_raw.csv,10,10,70.0,aqua|citric acid|cocamidopropyl betaine|glycerin|parfum,3,3,0.5385,fallback_table,built-in,built-in
KOSE-FACETONE-HYD-AUTO001,Hyderabad,Kose/Softymo,Face Toner,Kose Softymo Speedy Cleansing Toner Women (230ml),Kose Men's Speedy Toner (200ml),230,200,Amazon.in,2026-03-09,2817,1001,INR,1,1,12.247826,5.005,144.7118,3,HIGH,source=amazon_in_raw.csv,22,22,100.0,alanine|alcohol|aqua|arginne|aspartic acid,0,0,1.0,api,Leichtkämm spray,Leichtkämm spray
KOSE-SHAMPOO-HYD-AUTO001,Hyderabad,Kose/Softymo,Shampoo,Kose Softymo Speedy Shampoo Women 500ml,Kose Men Softymo Shampoo 500ml,500,500,Amazon.in,2026-03-09,2817,699,INR,1,1,5.634,1.398,303.0043,3,HIGH,source=amazon_in_raw.csv,10,10,90.0,aqua|citric acid|cocamidopropyl betaine|dimethicone|glycerin,1,1,0.8182,fallback_table,built-in,built-in
KRASTASE-HAIROIL-HYD-AUTO001,Hyderabad,Kérastase,Hair Oil,Kérastase Elixir Ultime Original Serum Women (125m,Kérastase Genesis Homme Fortifying Serum Men (90ml,100,90,Amazon.in,2026-03-09,2700,5100,INR,1,1,27.0,56.666667,-52.3529,3,HIGH,source=amazon_in_raw.csv,10,10,60.0,cyclohexasiloxane|cyclopentasiloxane|dimethicone|parfum|phenyl trimethicone,4,4,0.4286,fallback_table,built-in,built-in
KRASTASE-SHAMPOO-HYD-AUTO001,Hyderabad,Kérastase,Shampoo,Kérastase Bain Satin 1 Shampoo (250ml),Kérastase Homme Bain Energisant (250ml),250,250,Amazon.in,2026-03-09,2600,2600,INR,1,1,10.4,10.4,0.0,3,HIGH,source=amazon_in_raw.csv,10,10,90.0,aqua|cetyl alcohol|citric acid|cocamidopropyl betaine|dimethicone,1,1,0.8182,fallback_table,built-in,built-in
LION-BARSOAP-HYD-AUTO001,Hyderabad,Lion,Bar Soap,Lion Look Natural Select Bar Soap 100g,Lion Look Natural Men Bar Soap 100g,100,100,Amazon.in,2026-03-09,199,199,INR,1,1,1.99,1.99,0.0,3,HIGH,source=amazon_in_raw.csv,10,10,70.0,aqua|glycerin|parfum|sodium chloride|sodium cocoate,3,3,0.5385,fallback_table,built-in,built-in
LION-BODYWASH-HYD-AUTO001,Hyderabad,Lion,Body Wash,Lion Softymo Lux Super Moisture Body Wash 450ml,Lion Softymo Men Speed Wash 450ml,450,450,Amazon.in,2026-03-09,141,199,INR,1,1,0.313333,0.442222,-29.1458,3,HIGH,source=amazon_in_raw.csv,10,10,90.0,aqua|citric acid|cocamidopropyl betaine|glycerin|parfum,1,1,0.8182,fallback_table,built-in,built-in
LION-CONDITIO-HYD-AUTO001,Hyderabad,Lion,Conditioner,Lion Systema Scalp Conditioner Women (400ml),Lion Banon Men Conditioner (400ml),400,400,Amazon.in,2026-03-09,191,381,INR,1,1,0.4775,0.9525,-49.8688,3,HIGH,source=amazon_in_raw.csv,10,10,80.0,aqua|behentrimonium chloride|cetearyl alcohol|citric acid|dimethicone,2,2,0.6667,fallback_table,built-in,built-in
LION-DEODORAN-HYD-AUTO002,Hyderabad,Lion,Deodorant Spray,Lion Ban Deodorant Spray Women (150ml),Lion Men's Ban Deodorant Spray (150ml),150,150,Amazon.in,2026-03-09,344,499,INR,1,1,2.293333,3.326667,-31.0621,3,HIGH,source=amazon_in_raw.csv,10,10,90.0,alcohol denat|aluminum chlorohydrate|aqua|butane|cyclopentasiloxane,1,1,0.8182,fallback_table,built-in,built-in
LION-TOOTHPAS-HYD-AUTO001,Hyderabad,Lion,Toothpaste,Lion Clinica Advantage Fresh Toothpaste 130g,Lion Clinica Men Cool Toothpaste 130g,130,130,Amazon.in,2026-03-09,950,1150,INR,1,1,7.307692,8.846154,-17.3913,3,HIGH,source=amazon_in_raw.csv,10,10,90.0,cellulose gum|glycerin|hydrated silica|sodium fluoride|sodium lauryl sulfate,1,1,0.8182,fallback_table,built-in,built-in
LION-TOOTHPAS-HYD-AUTO002,Hyderabad,Lion,Toothpaste,Lion Systema Haguki Plus Toothpaste 95g,Lion Systema Men Fresh Toothpaste 95g,95,95,Amazon.in,2026-03-09,899,899,INR,1,1,9.463158,9.463158,0.0,3,HIGH,source=amazon_in_raw.csv,10,10,90.0,cellulose gum|glycerin|hydrated silica|sodium fluoride|sodium lauryl sulfate,1,1,0.8182,fallback_table,built-in,built-in
LION-TOOTHPAS-HYD-AUTO003,Hyderabad,Lion,Toothpaste,Lion Systema Haguki Women Gel Toothpaste (95g),Lion Dentor Systema Men Toothpaste (95g),95,95,Amazon.in,2026-03-09,899,899,INR,1,1,9.463158,9.463158,0.0,3,HIGH,source=amazon_in_raw.csv,10,10,90.0,cellulose gum|glycerin|hydrated silica|sodium fluoride|sodium lauryl sulfate,1,1,0.8182,fallback_table,built-in,built-in
LOREAL-HAIRCOLO-HYD-AUTO001,Hyderabad,L'Oreal,Hair Colour,L'Oreal Paris Excellence Creme Hair Color,L'Oreal Men Expert One-Twist Hair Color,100,100,Amazon.in,2026-03-09,471,624,INR,1,1,4.71,6.24,-24.5192,3,HIGH,source=amazon_in_raw.csv,10,10,100.0,aqua|carmine • ci 77491|crotonates|ferric ferrocyanide • ci 75470|fragrance,0,0,1.0,api,Colorista Hair Makeup 1 Day Color Highlights #VioletHair pou,Colorista Hair Makeup 1 Day Color Highlights #VioletHair pou
LOTUSHER-SUNSCREE-HYD-AUTO001,Hyderabad,Lotus Herbals,Sunscreen,Lotus Herbals SafeSun SPF 50 Women (50g),Lotus Herbals Men SPF 30 (50g),50,50,Amazon.in,2026-03-09,363,185,INR,1,1,7.26,3.7,96.2162,3,HIGH,source=amazon_in_raw.csv,10,10,80.0,aqua|avobenzone|ethylhexyl salicylate|glycerin|homosalate,2,2,0.6667,fallback_table,built-in,built-in
LUX-BARSOAP-HYD-AUTO001,Hyderabad,Lux,Bar Soap,Lux Soft Touch Soap 100g,Lux Men Sport Fresh Soap 100g,100,100,Amazon.in,2026-03-09,299,154,INR,1,1,2.99,1.54,94.1558,3,HIGH,source=amazon_in_raw.csv,10,10,90.0,aqua|etidronic acid|glycerin|parfum|sodium chloride,1,1,0.8182,fallback_table,built-in,built-in
LUX-BARSOAP-HYD-AUTO001,Hyderabad,Lux,Bar Soap,Lux Soft Touch Soap 100g,Lux Men Sport Fresh Soap 100g,100,100,Blinkit,2026-03-19,38,72,INR,0,0,0.38,0.72,-47.2222,3,MED,source=blinkit_raw.csv,10,10,90.0,aqua|etidronic acid|glycerin|parfum|sodium chloride,1,1,0.8182,fallback_table,built-in,built-in
LUX-BARSOAP-HYD-AUTO001,Hyderabad,Lux,Bar Soap,Lux Soft Touch Soap 100g,Lux Men Sport Fresh Soap 100g,100,100,Flipkart,2026-03-18,101,278,INR,0,0,1.01,2.78,-63.6691,3,HIGH,source=flipkart_raw.csv,10,10,90.0,aqua|etidronic acid|glycerin|parfum|sodium chloride,1,1,0.8182,fallback_table,built-in,built-in
LUX-BODYWASH-HYD-AUTO001,Hyderabad,Lux,Body Wash,Lux Velvet Touch Shower Gel 500ml,Lux Men Sport Fresh Shower Gel 500ml,500,500,Amazon.in,2026-03-09,165,546,INR,1,1,0.33,1.092,-69.7802,3,HIGH,source=amazon_in_raw.csv,10,10,80.0,aqua|citric acid|cocamidopropyl betaine|glycerin|parfum,2,2,0.6667,fallback_table,built-in,built-in
LUX-BODYWASH-HYD-AUTO001,Hyderabad,Lux,Body Wash,Lux Velvet Touch Shower Gel 500ml,Lux Men Sport Fresh Shower Gel 500ml,500,500,Blinkit,2026-03-19,325,299,INR,0,0,0.65,0.598,8.6957,3,MED,source=blinkit_raw.csv,10,10,80.0,aqua|citric acid|cocamidopropyl betaine|glycerin|parfum,2,2,0.6667,fallback_table,built-in,built-in
LUX-BODYWASH-HYD-AUTO001,Hyderabad,Lux,Body Wash,Lux Velvet Touch Shower Gel 500ml,Lux Men Sport Fresh Shower Gel 500ml,500,500,Flipkart,2026-03-18,170,353,INR,0,0,0.34,0.706,-51.8414,3,HIGH,source=flipkart_raw.csv,10,10,80.0,aqua|citric acid|cocamidopropyl betaine|glycerin|parfum,2,2,0.6667,fallback_table,built-in,built-in
MAMAEA-HANDCREA-HYD-AUTO165,Hyderabad,Mamaearth,Hand Cream,Mamaearth Aloe Vera Hand Cream 30ml,Mamaearth Men Hand & Nail Cream 30ml,30,30,Amazon.in,2026-03-09,126,199,INR,1,1,4.2,6.633333,-36.6834,3,HIGH,source=amazon_in_raw.csv,10,10,70.0,aqua|cetearyl alcohol|dimethicone|glycerin|parfum,3,3,0.5385,fallback_table,built-in,built-in
MAMAEA-HANDCREA-HYD-AUTO165,Hyderabad,Mamaearth,Hand Cream,Mamaearth Aloe Vera Hand Cream 30ml,Mamaearth Men Hand & Nail Cream 30ml,30,30,Blinkit,2026-03-19,217,217,INR,0,0,7.233333,7.233333,0.0,3,MED,source=blinkit_raw.csv,10,10,70.0,aqua|cetearyl alcohol|dimethicone|glycerin|parfum,3,3,0.5385,fallback_table,built-in,built-in
MAMAEA-HANDCREA-HYD-AUTO165,Hyderabad,Mamaearth,Hand Cream,Mamaearth Aloe Vera Hand Cream 30ml,Mamaearth Men Hand & Nail Cream 30ml,30,30,Flipkart,2026-03-18,248,199,INR,0,0,8.266667,6.633333,24.6231,3,HIGH,source=flipkart_raw.csv,10,10,70.0,aqua|cetearyl alcohol|dimethicone|glycerin|parfum,3,3,0.5385,fallback_table,built-in,built-in
MAMAEART-CONDITIO-HYD-AUTO001,Hyderabad,Mamaearth,Conditioner,Mamaearth Onion Conditioner Women (250ml),Mamaearth Men Anti-Dandruff Conditioner (250ml),250,250,Amazon.in,2026-03-09,427,247,INR,1,1,1.708,0.988,72.8745,3,HIGH,source=amazon_in_raw.csv,10,10,90.0,aqua|behentrimonium chloride|bhringraj|cetearyl alcohol|citric acid,1,1,0.8182,fallback_table,built-in,built-in
MAMAEART-CONDITIO-HYD-AUTO001,Hyderabad,Mamaearth,Conditioner,Mamaearth Onion Conditioner Women (250ml),Mamaearth Men Anti-Dandruff Conditioner (250ml),250,250,Blinkit,2026-03-19,308,297,INR,0,0,1.232,1.188,3.7037,3,MED,source=blinkit_raw.csv,10,10,90.0,aqua|behentrimonium chloride|bhringraj|cetearyl alcohol|citric acid,1,1,0.8182,fallback_table,built-in,built-in
MAMAEART-CONDITIO-HYD-AUTO001,Hyderabad,Mamaearth,Conditioner,Mamaearth Onion Conditioner Women (250ml),Mamaearth Men Anti-Dandruff Conditioner (250ml),250,250,Flipkart,2026-03-18,399,266,INR,0,0,1.596,1.064,50.0,3,HIGH,source=flipkart_raw.csv,10,10,90.0,aqua|behentrimonium chloride|bhringraj|cetearyl alcohol|citric acid,1,1,0.8182,fallback_table,built-in,built-in
MAMAEART-FACETONE-HYD-AUTO001,Hyderabad,Mamaearth,Face Toner,Mamaearth Rose Water Toner Women 200ml,Mamaearth Men Charcoal Toner 200ml,200,200,Amazon.in,2026-03-09,342,318,INR,1,1,1.71,1.59,7.5472,3,HIGH,source=amazon_in_raw.csv,30,30,100.0,acrylates|aqua|beheneth-25 methacrylate copolymer|capryl glucoside|caprylyl,0,0,1.0,api,mamaearth ubtan face wash,mamaearth ubtan face wash
MAMAEART-FACETONE-HYD-AUTO001,Hyderabad,Mamaearth,Face Toner,Mamaearth Rose Water Toner Women 200ml,Mamaearth Men Charcoal Toner 200ml,200,200,Blinkit,2026-03-19,265,220,INR,0,0,1.325,1.1,20.4545,3,MED,source=blinkit_raw.csv,30,30,100.0,acrylates|aqua|beheneth-25 methacrylate copolymer|capryl glucoside|caprylyl,0,0,1.0,api,mamaearth ubtan face wash,mamaearth ubtan face wash
MAMAEART-FACETONE-HYD-AUTO001,Hyderabad,Mamaearth,Face Toner,Mamaearth Rose Water Toner Women 200ml,Mamaearth Men Charcoal Toner 200ml,200,200,Flipkart,2026-03-18,324,305,INR,0,0,1.62,1.525,6.2295,3,HIGH,source=flipkart_raw.csv,30,30,100.0,acrylates|aqua|beheneth-25 methacrylate copolymer|capryl glucoside|caprylyl,0,0,1.0,api,mamaearth ubtan face wash,mamaearth ubtan face wash
MINIMALI-FACETONE-HYD-AUTO001,Hyderabad,Minimalist,Face Toner,Minimalist 7% Glycolic Toning Solution (100ml),Minimalist 10% Niacinamide Toner Men (100ml),100,100,Amazon.in,2026-03-09,474,569,INR,1,1,4.74,5.69,-16.696,3,HIGH,source=amazon_in_raw.csv,,,,,,,,,,
NEUTROGE-HANDCREA-HYD-AUTO001,Hyderabad,Neutrogena,Hand Cream,Neutrogena Norwegian Formula Hand Cream Women 50ml,Neutrogena Men Norwegian Formula Hand Cream 50ml,50,50,Amazon.in,2026-03-09,599,2796,INR,1,1,11.98,55.92,-78.5765,3,HIGH,source=amazon_in_raw.csv,10,10,80.0,allantoin|aqua|cetearyl alcohol|dimethicone|glycerin,2,2,0.6667,fallback_table,built-in,built-in
NEUTROGE-HANDCREA-HYD-AUTO001,Hyderabad,Neutrogena,Hand Cream,Neutrogena Norwegian Formula Hand Cream Women 50ml,Neutrogena Men Norwegian Formula Hand Cream 50ml,50,50,Blinkit,2026-03-19,148,148,INR,0,0,2.96,2.96,0.0,3,MED,source=blinkit_raw.csv,10,10,80.0,allantoin|aqua|cetearyl alcohol|dimethicone|glycerin,2,2,0.6667,fallback_table,built-in,built-in
NEUTROGE-HANDCREA-HYD-AUTO001,Hyderabad,Neutrogena,Hand Cream,Neutrogena Norwegian Formula Hand Cream Women 50ml,Neutrogena Men Norwegian Formula Hand Cream 50ml,50,50,Flipkart,2026-03-18,570,440,INR,0,0,11.4,8.8,29.5455,3,HIGH,source=flipkart_raw.csv,10,10,80.0,allantoin|aqua|cetearyl alcohol|dimethicone|glycerin,2,2,0.6667,fallback_table,built-in,built-in
NIVEA-DEODORAN-HYD-AUTO001,Hyderabad,Nivea,Deodorant Roll-On,Nivea Pearl & Beauty Roll-On 50ml,Nivea Men Deep Roll-On 50ml,50,50,Amazon.in,2026-03-09,298,149,INR,1,1,5.96,2.98,100.0,5,HIGH,source=amazon_in_raw.csv,10,10,90.0,aluminum zirconium tetrachlorohydrex gly|aqua|cyclopentasiloxane|dimethicone|hydrogenated castor oil,1,1,0.8182,fallback_table,built-in,built-in
NIVEA-DEODORAN-HYD-AUTO001,Hyderabad,Nivea,Deodorant Roll-On,Nivea Pearl & Beauty Roll-On 50ml,Nivea Men Deep Roll-On 50ml,50,50,Blinkit,2026-03-19,169,169,INR,0,0,3.38,3.38,0.0,5,MED,source=blinkit_raw.csv,10,10,90.0,aluminum zirconium tetrachlorohydrex gly|aqua|cyclopentasiloxane|dimethicone|hydrogenated castor oil,1,1,0.8182,fallback_table,built-in,built-in
NIVEA-DEODORAN-HYD-AUTO001,Hyderabad,Nivea,Deodorant Roll-On,Nivea Pearl & Beauty Roll-On 50ml,Nivea Men Deep Roll-On 50ml,50,50,Flipkart,2026-03-18,192,180,INR,0,0,3.84,3.6,6.6667,5,HIGH,source=flipkart_raw.csv,10,10,90.0,aluminum zirconium tetrachlorohydrex gly|aqua|cyclopentasiloxane|dimethicone|hydrogenated castor oil,1,1,0.8182,fallback_table,built-in,built-in
NIVEA-DEODORAN-HYD-AUTO002,Hyderabad,Nivea,Deodorant Roll-On,Nivea Pearl & Beauty Roll-On,Nivea Men Deep Impact Roll-On,100,100,Amazon.in,2026-03-09,416,374,INR,1,1,4.16,3.74,11.2299,3,HIGH,source=amazon_in_raw.csv,10,10,90.0,aluminum zirconium tetrachlorohydrex gly|aqua|cyclopentasiloxane|dimethicone|hydrogenated castor oil,1,1,0.8182,fallback_table,built-in,built-in
NIVEA-DEODORAN-HYD-AUTO002,Hyderabad,Nivea,Deodorant Roll-On,Nivea Pearl & Beauty Roll-On,Nivea Men Deep Impact Roll-On,100,100,Blinkit,2026-03-19,276,249,INR,0,0,2.76,2.49,10.8434,3,MED,source=blinkit_raw.csv,10,10,90.0,aluminum zirconium tetrachlorohydrex gly|aqua|cyclopentasiloxane|dimethicone|hydrogenated castor oil,1,1,0.8182,fallback_table,built-in,built-in
NIVEA-DEODORAN-HYD-AUTO002,Hyderabad,Nivea,Deodorant Roll-On,Nivea Pearl & Beauty Roll-On,Nivea Men Deep Impact Roll-On,100,100,Flipkart,2026-03-18,495,420,INR,0,0,4.95,4.2,17.8571,3,HIGH,source=flipkart_raw.csv,10,10,90.0,aluminum zirconium tetrachlorohydrex gly|aqua|cyclopentasiloxane|dimethicone|hydrogenated castor oil,1,1,0.8182,fallback_table,built-in,built-in
NIVEA-DEODORAN-HYD-AUTO004,Hyderabad,Nivea,Deodorant Spray,Nivea Whitening Deo Spray 150ml,Nivea Men Silver Protect Spray 150ml,150,150,Amazon.in,2026-03-09,479,134,INR,1,1,3.193333,0.893333,257.4628,3,HIGH,source=amazon_in_raw.csv,10,10,90.0,alcohol denat|aluminum chlorohydrate|aqua|butane|cyclopentasiloxane,1,1,0.8182,fallback_table,built-in,built-in
NIVEA-DEODORAN-HYD-AUTO004,Hyderabad,Nivea,Deodorant Spray,Nivea Whitening Deo Spray 150ml,Nivea Men Silver Protect Spray 150ml,150,150,Blinkit,2026-03-19,219,219,INR,0,0,1.46,1.46,0.0,3,MED,source=blinkit_raw.csv,10,10,90.0,alcohol denat|aluminum chlorohydrate|aqua|butane|cyclopentasiloxane,1,1,0.8182,fallback_table,built-in,built-in
OLAY-FACECREAM-HYD-01,Hyderabad,Olay,Face Moisturizer,Olay Total Effects Day Cream 50g,Olay Men Solutions Moisturizer 50g,50,50,Amazon.in,2026-03-09,778,299,INR,1,1,15.56,5.98,160.2007,4,HIGH,source=amazon_in_raw.csv,24,24,100.0,acrylates|aqua|c10-30 alkyl acrylate crosspolymer|carbomer|cetyl alcohol,0,0,1.0,api,OLAY beauty fluid,OLAY beauty fluid
OLAY-FACECREAM-HYD-01,Hyderabad,Olay,Face Moisturizer,Olay Total Effects Day Cream 50g,Olay Men Solutions Moisturizer 50g,50,50,Blinkit,2026-03-19,999,560,INR,0,0,19.98,11.2,78.3929,4,MED,source=blinkit_raw.csv,24,24,100.0,acrylates|aqua|c10-30 alkyl acrylate crosspolymer|carbomer|cetyl alcohol,0,0,1.0,api,OLAY beauty fluid,OLAY beauty fluid
OLAY-FACECREAM-HYD-01,Hyderabad,Olay,Face Moisturizer,Olay Total Effects Day Cream 50g,Olay Men Solutions Moisturizer 50g,50,50,Flipkart,2026-03-18,738,884,INR,0,0,14.76,17.68,-16.5158,4,HIGH,source=flipkart_raw.csv,24,24,100.0,acrylates|aqua|c10-30 alkyl acrylate crosspolymer|carbomer|cetyl alcohol,0,0,1.0,api,OLAY beauty fluid,OLAY beauty fluid
ORALB-TOOTHPAS-HYD-AUTO001,Hyderabad,Oral-B,Toothpaste,Oral-B Whitening (100g),Oral-B Pro-Expert Men (100g),100,100,Blinkit,2026-03-19,165,100,INR,0,0,1.65,1.0,65.0,3,MED,source=blinkit_raw.csv,10,10,90.0,cellulose gum|glycerin|hydrated silica|sodium fluoride|sodium lauryl sulfate,1,1,0.8182,fallback_table,built-in,built-in
ORALB-TOOTHPAS-HYD-AUTO001,Hyderabad,Oral-B,Toothpaste,Oral-B Whitening (100g),Oral-B Pro-Expert Men (100g),100,100,Flipkart,2026-03-18,120,142,INR,0,0,1.2,1.42,-15.493,3,HIGH,source=flipkart_raw.csv,10,10,90.0,cellulose gum|glycerin|hydrated silica|sodium fluoride|sodium lauryl sulfate,1,1,0.8182,fallback_table,built-in,built-in
PLUM-HANDWASH-HYD-AUTO001,Hyderabad,Plum,Hand Wash,Plum Glow & Glow Hand Wash (250ml),Plum BodyLovin' Men Hand Wash (250ml),250,250,Amazon.in,2026-03-09,233,323,INR,1,1,0.932,1.292,-27.8638,3,HIGH,source=amazon_in_raw.csv,24,24,100.0,3-butylene glycol|aluminum hydroxide|ammonium acryloyldi - methyltaurate|aqua|benzophenone-3,0,0,1.0,api,Rice water & Niacinamide Hybrid Sunscreen,Rice water & Niacinamide Hybrid Sunscreen
BIODER-FACIALCL-TKY-AUTO006,Tokyo,Bioderma,Facial Cleanser,Bioderma Sensibio H2O Micellar Water Women (250ml),Bioderma Sébium H2O Men (200ml),250,200,Amazon.co.jp,2026-03-10,2530,3080,JPY,1,1,10.12,15.4,-34.2857,3,HIGH,source=amazon_jp_raw.csv,10,10,90.0,allantoin|aqua|citric acid|cocamidopropyl betaine|glycerin,1,1,0.8182,fallback_table,built-in,built-in
BIOR-BODYLOTI-TKY-AUTO008,Tokyo,Bioré,Body Lotion,Bioré Body Essence Milk Women 300ml,Bioré Men Body Lotion 300ml,300,300,Amazon.co.jp,2026-03-10,549,1580,JPY,1,1,1.83,5.266667,-65.2532,3,HIGH,source=amazon_jp_raw.csv,10,10,80.0,aqua|ceramide|cetearyl alcohol|dimethicone|glycerin,2,2,0.6667,fallback_table,built-in,built-in
BIOR-BODYLOTI-TKY-AUTO008,Tokyo,Bioré,Body Lotion,Bioré Body Essence Milk Women 300ml,Bioré Men Body Lotion 300ml,300,300,Matsumoto Kiyoshi,2026-03-18,415,415,JPY,0,0,1.383333,1.383333,0.0,3,HIGH,source=matsumoto_raw.csv,10,10,80.0,aqua|ceramide|cetearyl alcohol|dimethicone|glycerin,2,2,0.6667,fallback_table,built-in,built-in
BIOR-BODYLOTI-TKY-AUTO008,Tokyo,Bioré,Body Lotion,Bioré Body Essence Milk Women 300ml,Bioré Men Body Lotion 300ml,300,300,Rakuten Japan,2026-03-10,4224,36966,JPY,0,0,14.08,123.22,-88.5733,3,HIGH,source=rakuten_jp_raw.csv,10,10,80.0,aqua|ceramide|cetearyl alcohol|dimethicone|glycerin,2,2,0.6667,fallback_table,built-in,built-in
BIOR-BODYWASH-TKY-AUTO009,Tokyo,Bioré,Body Wash,Bioré Guard Body Wash Women 480ml,Bioré Men Guard Body Wash 480ml,480,480,Amazon.co.jp,2026-03-10,404,1158,JPY,0,0,0.841667,2.4125,-65.1122,3,HIGH,source=amazon_jp_raw.csv,10,10,90.0,aqua|citric acid|cocamidopropyl betaine|glycerin|parfum,1,1,0.8182,fallback_table,built-in,built-in
BIOR-DEODORAN-TKY-AUTO010,Tokyo,Bioré,Deodorant Roll-On,Bioré Deo Foot & Body Sheet Women 32-pack,Bioré Men Deo Sheet 32-pack,100,100,Matsumoto Kiyoshi,2026-03-18,415,415,JPY,0,0,4.15,4.15,0.0,3,HIGH,source=matsumoto_raw.csv,10,10,80.0,aluminum chlorohydrate|aqua|cyclopentasiloxane|dimethicone|parfum,2,2,0.6667,fallback_table,built-in,built-in
BIOR-DEODORAN-TKY-AUTO011,Tokyo,Bioré,Deodorant Roll-On,Bioré Soft Stone Deodorant Women (40ml),Bioré Deo Roll-On Men Cool Fresh (40ml),40,40,Amazon.co.jp,2026-03-10,1980,733,JPY,1,1,49.5,18.325,170.1228,3,HIGH,source=amazon_jp_raw.csv,10,10,80.0,aluminum chlorohydrate|aqua|cyclopentasiloxane|dimethicone|parfum,2,2,0.6667,fallback_table,built-in,built-in
BIOR-FACEMOIS-TKY-AUTO012,Tokyo,Bioré,Face Moisturizer,Bioré UV Moisture Milk Cream SPF50 Women (50ml),Bioré Men Face Milk Moist (50ml),50,50,Amazon.co.jp,2026-03-10,732,779,JPY,0,0,14.64,15.58,-6.0334,3,HIGH,source=amazon_jp_raw.csv,23,23,100.0,acrylates|aqua|c10-30 alkyl acrylate crosspolymer|capric triglyceride|caprylic,0,0,1.0,api,Gel nettoyant en profondeur au charbon,Gel nettoyant en profondeur au charbon
BIOR-FACIALCL-TKY-AUTO013,Tokyo,Bioré,Facial Cleanser,Bioré Marshmallow Whip Face Wash 150ml,Bioré Men Facial Foam 130ml,150,130,Amazon.co.jp,2026-03-10,766,733,JPY,1,1,5.106667,5.638462,-9.4316,3,HIGH,source=amazon_jp_raw.csv,10,10,70.0,aqua|citric acid|cocamidopropyl betaine|glycerin|parfum,3,3,0.5385,fallback_table,built-in,built-in
BIOR-HANDCREA-TKY-AUTO014,Tokyo,Bioré,Hand Cream,Bioré Moist Hand Cream Women (60g),Bioré Men Hand Milk (60g),60,60,Amazon.co.jp,2026-03-10,458,779,JPY,0,0,7.633333,12.983333,-41.2067,3,HIGH,source=amazon_jp_raw.csv,10,10,70.0,aqua|ceramide|cetearyl alcohol|dimethicone|glycerin,3,3,0.5385,fallback_table,built-in,built-in
BIORE-FACEWASH-TKY-01,Tokyo,Bioré,Facial Cleanser,Biore Marshmallow Whip Face Wash 150ml,Biore Men Facial Foam 130ml,150,130,Amazon.co.jp,2026-03-10,337,554,JPY,0,1,2.246667,4.261538,-47.2804,4,HIGH,source=amazon_jp_raw.csv,10,10,70.0,aqua|citric acid|cocamidopropyl betaine|glycerin|parfum,3,3,0.5385,fallback_table,built-in,built-in
BIOTIQ-BODYLOTI-TKY-AUTO018,Tokyo,Biotique,Body Lotion,Biotique Bio Almond Oil Moisturizer 200ml,Biotique Bio Morning Nectar Moisturizer 200ml,200,200,Amazon.co.jp,2026-03-10,2480,1746,JPY,0,0,12.4,8.73,42.0389,3,HIGH,source=amazon_jp_raw.csv,10,10,80.0,aqua|cetearyl alcohol|dimethicone|glycerin|parfum,2,2,0.6667,fallback_table,built-in,built-in
BIOTIQ-FACIALCL-TKY-AUTO020,Tokyo,Biotique,Facial Cleanser,Biotique Bio Honey Gel Foaming Face Wash 100ml,Biotique Bio Neem Foaming Face Wash 100ml,100,100,Amazon.co.jp,2026-03-10,1869,1869,JPY,0,0,18.69,18.69,0.0,3,HIGH,source=amazon_jp_raw.csv,10,10,70.0,aqua|citric acid|cocamidopropyl betaine|glycerin|parfum,3,3,0.5385,fallback_table,built-in,built-in
COWBRA-BARSOAP-TKY-AUTO029,Tokyo,Cow Brand,Bar Soap,Cow Brand Excellent Beauty Soap 135g,Cow Brand Excellent Men Soap 135g,135,135,Amazon.co.jp,2026-03-10,1145,537,JPY,0,0,8.481481,3.977778,113.2216,3,HIGH,source=amazon_jp_raw.csv,10,10,80.0,aqua|glycerin|parfum|sodium chloride|sodium cocoate,2,2,0.6667,fallback_table,built-in,built-in
COWBRA-BARSOAP-TKY-AUTO030,Tokyo,Cow Brand,Bar Soap,Cow Brand Milk Soap Extra Rich Women (100g),Cow Brand Blue Box Soap Men (100g),100,100,Amazon.co.jp,2026-03-10,1145,875,JPY,1,0,11.45,8.75,30.8571,3,HIGH,source=amazon_jp_raw.csv,10,10,80.0,aqua|glycerin|parfum|sodium chloride|sodium cocoate,2,2,0.6667,fallback_table,built-in,built-in
CUREL-BODYLOTI-TKY-AUTO031,Tokyo,Curel,Body Lotion,Curel Moisture Lotion 150ml,Curel Men Moisturizing Lotion 150ml,150,150,Amazon.co.jp,2026-03-10,3850,1597,JPY,0,0,25.666667,10.646667,141.077,3,HIGH,source=amazon_jp_raw.csv,10,10,80.0,aqua|ceramide|cetearyl alcohol|dimethicone|glycerin,2,2,0.6667,fallback_table,built-in,built-in
CUREL-FACETONE-TKY-AUTO033,Tokyo,Curel,Face Toner,Curel Moisture Face Toner Women 150ml,Curel Men Toner 150ml,150,150,Amazon.co.jp,2026-03-10,1980,1600,JPY,1,1,13.2,10.666667,23.75,3,HIGH,source=amazon_jp_raw.csv,15,15,100.0,aqua|dipotassium glycyrrhizate|disodium edta|ethylhexylglycerin|glycerin,0,0,1.0,api,Foaming Facial Wash,Foaming Facial Wash
CUREL-FACETONE-TKY-AUTO033,Tokyo,Curel,Face Toner,Curel Moisture Face Toner Women 150ml,Curel Men Toner 150ml,150,150,Matsumoto Kiyoshi,2026-03-18,415,415,JPY,0,0,2.766667,2.766667,0.0,3,HIGH,source=matsumoto_raw.csv,15,15,100.0,aqua|dipotassium glycyrrhizate|disodium edta|ethylhexylglycerin|glycerin,0,0,1.0,api,Foaming Facial Wash,Foaming Facial Wash
CUREL-FACETONE-TKY-AUTO033,Tokyo,Curel,Face Toner,Curel Moisture Face Toner Women 150ml,Curel Men Toner 150ml,150,150,Rakuten Japan,2026-03-10,1085,2598,JPY,0,0,7.233333,17.32,-58.2371,3,HIGH,source=rakuten_jp_raw.csv,15,15,100.0,aqua|dipotassium glycyrrhizate|disodium edta|ethylhexylglycerin|glycerin,0,0,1.0,api,Foaming Facial Wash,Foaming Facial Wash
CUREL-FACIALCL-TKY-AUTO034,Tokyo,Curel,Facial Cleanser,Curel Moisture Face Wash Women 150ml,Curel Men Face Wash 150ml,150,150,Amazon.co.jp,2026-03-10,1595,2706,JPY,0,1,10.633333,18.04,-41.0569,3,HIGH,source=amazon_jp_raw.csv,10,10,80.0,allantoin|aqua|ceramide|citric acid|cocamidopropyl betaine,2,2,0.6667,fallback_table,built-in,built-in
CUREL-FACIALCL-TKY-AUTO034,Tokyo,Curel,Facial Cleanser,Curel Moisture Face Wash Women 150ml,Curel Men Face Wash 150ml,150,150,Matsumoto Kiyoshi,2026-03-18,415,415,JPY,0,0,2.766667,2.766667,0.0,3,HIGH,source=matsumoto_raw.csv,10,10,80.0,allantoin|aqua|ceramide|citric acid|cocamidopropyl betaine,2,2,0.6667,fallback_table,built-in,built-in
CUREL-LOTION-TKY-01,Tokyo,Curel,Body Lotion,Curel Moisture Lotion 150ml,Curel Men Moisturizing Lotion 150ml,150,150,Amazon.co.jp,2026-03-10,1980,2863,JPY,0,1,13.2,19.086667,-30.8418,4,HIGH,source=amazon_jp_raw.csv,10,10,80.0,aqua|ceramide|cetearyl alcohol|dimethicone|glycerin,2,2,0.6667,fallback_table,built-in,built-in
CUREL-SUNSCREE-TKY-AUTO035,Tokyo,Curel,Sunscreen,Curel UV Protection Face Milk SPF50+ 60ml,Curel Men UV Protection Cream 60ml,60,60,Amazon.co.jp,2026-03-10,1760,1760,JPY,0,0,29.333333,29.333333,0.0,3,HIGH,source=amazon_jp_raw.csv,10,10,80.0,aqua|ceramide|diethylamino hydroxybenzoyl hexyl benzoate|ethylhexyl triazone|glycerin,2,2,0.6667,fallback_table,built-in,built-in
CUREL-SUNSCREE-TKY-AUTO035,Tokyo,Curel,Sunscreen,Curel UV Protection Face Milk SPF50+ 60ml,Curel Men UV Protection Cream 60ml,60,60,Matsumoto Kiyoshi,2026-03-18,415,415,JPY,0,0,6.916667,6.916667,0.0,3,HIGH,source=matsumoto_raw.csv,10,10,80.0,aqua|ceramide|diethylamino hydroxybenzoyl hexyl benzoate|ethylhexyl triazone|glycerin,2,2,0.6667,fallback_table,built-in,built-in
CUREL-SUNSCREE-TKY-AUTO035,Tokyo,Curel,Sunscreen,Curel UV Protection Face Milk SPF50+ 60ml,Curel Men UV Protection Cream 60ml,60,60,Rakuten Japan,2026-03-10,2856,2900,JPY,0,0,47.6,48.333333,-1.5172,3,HIGH,source=rakuten_jp_raw.csv,10,10,80.0,aqua|ceramide|diethylamino hydroxybenzoyl hexyl benzoate|ethylhexyl triazone|glycerin,2,2,0.6667,fallback_table,built-in,built-in
DARIYA-HAIRCOLO-TKY-AUTO040,Tokyo,Dariya,Hair Colour,Salon de Pro Women Hair Colour Cream (50g),Salon de Pro Men's Hair Colour (40g),50,40,Amazon.co.jp,2026-03-10,800,573,JPY,0,0,16.0,14.325,11.6928,3,HIGH,source=amazon_jp_raw.csv,,,,,,,,,,
DHC-FACIALCL-TKY-AUTO038,Tokyo,DHC,Facial Cleanser,DHC Deep Cleansing Oil Women (120ml),DHC Men Oil Cleansing (120ml),120,120,Amazon.co.jp,2026-03-10,2440,3520,JPY,0,1,20.333333,29.333333,-30.6818,3,HIGH,source=amazon_jp_raw.csv,10,10,70.0,aqua|citric acid|cocamidopropyl betaine|glycerin|olive oil,3,3,0.5385,fallback_table,built-in,built-in
DHC-FACIALCL-TKY-AUTO038,Tokyo,DHC,Facial Cleanser,DHC Deep Cleansing Oil Women (120ml),DHC Men Oil Cleansing (120ml),120,120,Matsumoto Kiyoshi,2026-03-18,415,415,JPY,0,0,3.458333,3.458333,0.0,3,HIGH,source=matsumoto_raw.csv,10,10,70.0,aqua|citric acid|cocamidopropyl betaine|glycerin|olive oil,3,3,0.5385,fallback_table,built-in,built-in
DHC-FACIALCL-TKY-AUTO038,Tokyo,DHC,Facial Cleanser,DHC Deep Cleansing Oil Women (120ml),DHC Men Oil Cleansing (120ml),120,120,Rakuten Japan,2026-03-10,1540,1180,JPY,0,0,12.833333,9.833333,30.5085,3,HIGH,source=rakuten_jp_raw.csv,10,10,70.0,aqua|citric acid|cocamidopropyl betaine|glycerin|olive oil,3,3,0.5385,fallback_table,built-in,built-in
DHC-HANDCREA-TKY-AUTO039,Tokyo,DHC,Hand Cream,DHC Medicated Hand Cream Women 50ml,DHC Men Hand Cream 50ml,50,50,Amazon.co.jp,2026-03-10,552,2200,JPY,0,1,11.04,44.0,-74.9091,3,HIGH,source=amazon_jp_raw.csv,10,10,80.0,aqua|cetearyl alcohol|dimethicone|glycerin|olive oil,2,2,0.6667,fallback_table,built-in,built-in
DHC-HANDCREA-TKY-AUTO039,Tokyo,DHC,Hand Cream,DHC Medicated Hand Cream Women 50ml,DHC Men Hand Cream 50ml,50,50,Matsumoto Kiyoshi,2026-03-18,415,415,JPY,0,0,8.3,8.3,0.0,3,HIGH,source=matsumoto_raw.csv,10,10,80.0,aqua|cetearyl alcohol|dimethicone|glycerin|olive oil,2,2,0.6667,fallback_table,built-in,built-in
DOVE-BARSOAP-TKY-AUTO043,Tokyo,Dove,Bar Soap,Dove Beauty Bar,Dove Men+Care Clean Comfort Bar,100,100,Amazon.co.jp,2026-03-10,1582,6960,JPY,0,0,15.82,69.6,-77.2701,3,HIGH,source=amazon_jp_raw.csv,10,10,90.0,aqua|glycerin|lauric acid|parfum|sodium isethionate,1,1,0.8182,fallback_table,built-in,built-in
DOVE-BARSOAP-TKY-AUTO043,Tokyo,Dove,Bar Soap,Dove Beauty Bar,Dove Men+Care Clean Comfort Bar,100,100,Matsumoto Kiyoshi,2026-03-18,415,415,JPY,0,0,4.15,4.15,0.0,3,HIGH,source=matsumoto_raw.csv,10,10,90.0,aqua|glycerin|lauric acid|parfum|sodium isethionate,1,1,0.8182,fallback_table,built-in,built-in
DOVE-BARSOAP-TKY-AUTO043,Tokyo,Dove,Bar Soap,Dove Beauty Bar,Dove Men+Care Clean Comfort Bar,100,100,Rakuten Japan,2026-03-10,5490,5200,JPY,0,0,54.9,52.0,5.5769,3,HIGH,source=rakuten_jp_raw.csv,10,10,90.0,aqua|glycerin|lauric acid|parfum|sodium isethionate,1,1,0.8182,fallback_table,built-in,built-in
DOVE-BARSOAP-TKY-AUTO044,Tokyo,Dove,Bar Soap,Dove Beauty Bar Japan 135g,Dove Men+Care Clean Comfort Bar Japan 135g,135,135,Amazon.co.jp,2026-03-10,1800,875,JPY,0,0,13.333333,6.481481,105.7143,3,HIGH,source=amazon_jp_raw.csv,10,10,90.0,aqua|glycerin|lauric acid|parfum|sodium isethionate,1,1,0.8182,fallback_table,built-in,built-in
DOVE-BARSOAP-TKY-AUTO044,Tokyo,Dove,Bar Soap,Dove Beauty Bar Japan 135g,Dove Men+Care Clean Comfort Bar Japan 135g,135,135,Matsumoto Kiyoshi,2026-03-18,415,415,JPY,0,0,3.074074,3.074074,0.0,3,HIGH,source=matsumoto_raw.csv,10,10,90.0,aqua|glycerin|lauric acid|parfum|sodium isethionate,1,1,0.8182,fallback_table,built-in,built-in
DOVE-BARSOAP-TKY-AUTO044,Tokyo,Dove,Bar Soap,Dove Beauty Bar Japan 135g,Dove Men+Care Clean Comfort Bar Japan 135g,135,135,Rakuten Japan,2026-03-10,2990,4800,JPY,0,0,22.148148,35.555556,-37.7083,3,HIGH,source=rakuten_jp_raw.csv,10,10,90.0,aqua|glycerin|lauric acid|parfum|sodium isethionate,1,1,0.8182,fallback_table,built-in,built-in
DOVE-BARSOAP-TKY-AUTO045,Tokyo,Dove,Bar Soap,Dove Cream Beauty Bathing Bar Shea Butter Women (1,Dove Men+Care Clean Comfort Bar (100g),100,100,Amazon.co.jp,2026-03-10,1980,875,JPY,0,0,19.8,8.75,126.2857,3,HIGH,source=amazon_jp_raw.csv,10,10,90.0,aqua|glycerin|lauric acid|parfum|sodium isethionate,1,1,0.8182,fallback_table,built-in,built-in
DOVE-CONDITIO-TKY-AUTO049,Tokyo,Dove,Conditioner,Dove Moisture Care Conditioner 500ml,Dove Men+Care Hair Defence Conditioner 500ml,500,500,Amazon.co.jp,2026-03-10,776,841,JPY,0,0,1.552,1.682,-7.7289,3,HIGH,source=amazon_jp_raw.csv,10,10,90.0,aqua|behentrimonium chloride|cetearyl alcohol|citric acid|dimethicone,1,1,0.8182,fallback_table,built-in,built-in
DOVE-DEODORAN-TKY-AUTO050,Tokyo,Dove,Deodorant Roll-On,Dove Eventone Deodorant Roll-On,Dove Men+Care Dry Comfort Roll-On,100,100,Amazon.co.jp,2026-03-10,1990,1990,JPY,0,1,19.9,19.9,0.0,3,HIGH,source=amazon_jp_raw.csv,10,10,90.0,aluminum zirconium tetrachlorohydrex gly|aqua|cyclopentasiloxane|dimethicone|hydrogenated castor oil,1,1,0.8182,fallback_table,built-in,built-in
DOVE-DEODORAN-TKY-AUTO051,Tokyo,Dove,Deodorant Roll-On,Dove Advance Care Deodorant Women (40ml),Dove Men+Care Roll-On (40ml),40,40,Amazon.co.jp,2026-03-10,1350,1990,JPY,0,0,33.75,49.75,-32.1608,3,HIGH,source=amazon_jp_raw.csv,10,10,90.0,aluminum zirconium tetrachlorohydrex gly|aqua|cyclopentasiloxane|dimethicone|hydrogenated castor oil,1,1,0.8182,fallback_table,built-in,built-in
DOVE-DEODORAN-TKY-AUTO052,Tokyo,Dove,Deodorant Spray,Dove Eventone Body Spray Women 150ml,Dove Men+Care Clean Comfort Spray 150ml,150,150,Amazon.co.jp,2026-03-10,2200,1990,JPY,0,0,14.666667,13.266667,10.5528,3,HIGH,source=amazon_jp_raw.csv,10,10,90.0,alcohol denat|aluminum chlorohydrate|aqua|butane|cyclopentasiloxane,1,1,0.8182,fallback_table,built-in,built-in
DOVE-FACIALCL-TKY-AUTO053,Tokyo,Dove,Facial Cleanser,Dove Cream Milk Face Wash 100ml,Dove Men+Care Sensitive Face Wash 100ml,100,100,Amazon.co.jp,2026-03-10,740,875,JPY,1,1,7.4,8.75,-15.4286,3,HIGH,source=amazon_jp_raw.csv,10,10,90.0,aqua|citric acid|cocamidopropyl betaine|glycerin|panthenol,1,1,0.8182,fallback_table,built-in,built-in
DOVE-SHAMPOO-TKY-AUTO058,Tokyo,Dove,Shampoo,Dove Moisture Care Shampoo 500ml,Dove Men+Care Scalp Care Shampoo 480ml,500,480,Amazon.co.jp,2026-03-10,1463,450,JPY,0,1,2.926,0.9375,212.1067,3,HIGH,source=amazon_jp_raw.csv,10,10,90.0,aqua|citric acid|cocamidopropyl betaine|dimethicone|glycerin,1,1,0.8182,fallback_table,built-in,built-in
DOVE-SUNSCREE-TKY-AUTO059,Tokyo,Dove,Sunscreen,Dove Even Tone Antiperspirant+SPF Roll-On 50ml,Dove Men+Care Control Antiperspirant Roll-On 50ml,50,50,Amazon.co.jp,2026-03-10,2200,3480,JPY,1,1,44.0,69.6,-36.7816,3,HIGH,source=amazon_jp_raw.csv,10,10,90.0,aqua|avobenzone|dimethicone|ethylhexyl salicylate|glycerin,1,1,0.8182,fallback_table,built-in,built-in
DOVE-SUNSCREE-TKY-AUTO059,Tokyo,Dove,Sunscreen,Dove Even Tone Antiperspirant+SPF Roll-On 50ml,Dove Men+Care Control Antiperspirant Roll-On 50ml,50,50,Matsumoto Kiyoshi,2026-03-18,415,415,JPY,0,0,8.3,8.3,0.0,3,HIGH,source=matsumoto_raw.csv,10,10,90.0,aqua|avobenzone|dimethicone|ethylhexyl salicylate|glycerin,1,1,0.8182,fallback_table,built-in,built-in
GARNIE-SHAMPOO-TKY-AUTO073,Tokyo,Garnier,Shampoo,Garnier Ultra Blends Soy Milk Shampoo 340ml,Garnier Men Anti-Dandruff Shampoo 340ml,340,340,Amazon.co.jp,2026-03-10,2800,5940,JPY,1,1,8.235294,17.470588,-52.862,3,HIGH,source=amazon_jp_raw.csv,10,10,90.0,aqua|citric acid|cocamidopropyl betaine|dimethicone|glycerin,1,1,0.8182,fallback_table,built-in,built-in
GARNIE-SHAMPOO-TKY-AUTO074,Tokyo,Garnier,Shampoo,Garnier Fructis Smooth & Shine Shampoo 400ml,Garnier Fructis Men Clean & Fresh Shampoo 400ml,400,400,Amazon.co.jp,2026-03-10,2504,1980,JPY,1,0,6.26,4.95,26.4646,3,HIGH,source=amazon_jp_raw.csv,10,10,90.0,aqua|citric acid|cocamidopropyl betaine|dimethicone|glycerin,1,1,0.8182,fallback_table,built-in,built-in
GILLET-RAZOR-TKY-01,Tokyo,Gillette/Venus,Razor (3-blade starter kit),Gillette Venus Smooth Razor,Gillette Mach3 Razor,1,1,Amazon.co.jp,2026-03-10,2725,6028,JPY,1,0,2725.0,6028.0,-54.7943,5,HIGH,source=amazon_jp_raw.csv,15,15,100.0,aloe barbadensis leaf juice|bht|glycol|lubrastrip : peg-7m|peg-100,0,0,1.0,api,Swirl,Swirl
GILLET-RAZOR3BL-TKY-AUTO075,Tokyo,Gillette/Venus,Razor (3-blade starter kit),Gillette Venus Smooth (handle + 2 cartridges),Gillette Mach3 (handle + 1 cartridge),100,100,Amazon.co.jp,2026-03-10,3492,6028,JPY,0,1,34.92,60.28,-42.0703,3,HIGH,source=amazon_jp_raw.csv,15,15,100.0,aloe barbadensis leaf juice|bht|glycol|lubrastrip : peg-7m|peg-100,0,0,1.0,api,Swirl,Swirl
GILLET-RAZOR3BL-TKY-AUTO076,Tokyo,Gillette/Venus,Razor (3-blade starter kit),Gillette Venus Simply 3 Disposable Razor 3-pack,Gillette Blue3 Disposable Razor 3-pack,100,100,Amazon.co.jp,2026-03-10,1309,5283,JPY,0,0,13.09,52.83,-75.2224,3,HIGH,source=amazon_jp_raw.csv,15,15,100.0,aloe barbadensis leaf juice|bht|glycol|lubrastrip : peg-7m|peg-100,0,0,1.0,api,Swirl,Swirl
GILLET-RAZOR3BL-TKY-AUTO077,Tokyo,Gillette/Venus,Razor (3-blade starter kit),Gillette Venus Embrace Razor + 2 blades,Gillette Mach3 Razor + 2 cartridges,100,100,Amazon.co.jp,2026-03-10,1216,6028,JPY,0,0,12.16,60.28,-79.8275,3,HIGH,source=amazon_jp_raw.csv,15,15,100.0,aloe barbadensis leaf juice|bht|glycol|lubrastrip : peg-7m|peg-100,0,0,1.0,api,Swirl,Swirl
GILLET-RAZORCAR-TKY-AUTO078,Tokyo,Gillette/Venus,Razor Cartridges,Gillette Venus Smooth Cartridges 4-pack,Gillette Mach3 Cartridges 4-pack,100,100,Amazon.co.jp,2026-03-10,1216,6028,JPY,0,1,12.16,60.28,-79.8275,3,HIGH,source=amazon_jp_raw.csv,12,9,0.0,,12,9,0.0,api,Venus Extra Smooth,Sport Triumph
GILLET-RAZORCAR-TKY-AUTO079,Tokyo,Gillette/Venus,Razor Cartridges,Gillette Venus Smooth Cartridges 6-pack,Gillette Mach3 Cartridges 6-pack,100,100,Amazon.co.jp,2026-03-10,2725,6028,JPY,0,0,27.25,60.28,-54.7943,3,HIGH,source=amazon_jp_raw.csv,12,9,0.0,,12,9,0.0,api,Venus Extra Smooth,Sport Triumph
GODREJ-BARSOAP-TKY-AUTO080,Tokyo,Godrej,Bar Soap,Godrej Nupur Moisturising Soap (100g),Godrej Expert Men Soap (100g),100,100,Amazon.co.jp,2026-03-10,2182,1139,JPY,1,0,21.82,11.39,91.5716,3,HIGH,source=amazon_jp_raw.csv,10,10,80.0,aqua|glycerin|parfum|sodium chloride|sodium palm kernelate,2,2,0.6667,fallback_table,built-in,built-in
HEADSH-CONDITIO-TKY-AUTO085,Tokyo,Head & Shoulders,Conditioner,H&S Smooth & Silky Conditioner 340ml,H&S Men 2-in-1 Anti-Dandruff 340ml,340,340,Amazon.co.jp,2026-03-10,3051,1950,JPY,0,0,8.973529,5.735294,56.4615,3,HIGH,source=amazon_jp_raw.csv,10,10,90.0,aqua|behentrimonium chloride|cetearyl alcohol|citric acid|dimethicone,1,1,0.8182,fallback_table,built-in,built-in
HEADSH-SHAMPOO-TKY-AUTO086,Tokyo,Head & Shoulders,Shampoo,H&S Smooth & Silky Shampoo,H&S Men Ultra Shampoo,100,100,Amazon.co.jp,2026-03-10,2600,1950,JPY,1,0,26.0,19.5,33.3333,3,HIGH,source=amazon_jp_raw.csv,10,10,90.0,aqua|citric acid|cocamidopropyl betaine|glycerin|parfum,1,1,0.8182,fallback_table,built-in,built-in
HEADSH-SHAMPOO-TKY-AUTO087,Tokyo,Head & Shoulders,Shampoo,H&S Smooth Damage Care Shampoo 440ml,H&S Men Scalp Care Shampoo 400ml,440,400,Amazon.co.jp,2026-03-10,3051,1950,JPY,0,0,6.934091,4.875,42.2378,3,HIGH,source=amazon_jp_raw.csv,10,10,90.0,aqua|citric acid|cocamidopropyl betaine|glycerin|parfum,1,1,0.8182,fallback_table,built-in,built-in
HIMALA-CONDITIO-TKY-AUTO091,Tokyo,Himalaya,Conditioner,Himalaya Protein Conditioner 200ml,Himalaya Men Protein Conditioner 200ml,200,200,Amazon.co.jp,2026-03-10,3490,3490,JPY,0,0,17.45,17.45,0.0,3,HIGH,source=amazon_jp_raw.csv,10,10,80.0,aqua|behentrimonium chloride|cetearyl alcohol|citric acid|dimethicone,2,2,0.6667,fallback_table,built-in,built-in
HIMALA-HANDWASH-TKY-AUTO094,Tokyo,Himalaya,Hand Wash,Himalaya Pure Hands Sparkling Rose Hand Wash 250ml,Himalaya Men Active Fresh Hand Wash 250ml,250,250,Amazon.co.jp,2026-03-10,3222,1379,JPY,1,0,12.888,5.516,133.6476,3,HIGH,source=amazon_jp_raw.csv,19,19,100.0,acrylates|ammonium lauryl sulfate|aqua|c10-30 alkyl acrylate crosspolymer|citric acid,0,0,1.0,api,Himalaya,Himalaya
HIMALA-SHAMPOO-TKY-AUTO095,Tokyo,Himalaya,Shampoo,Himalaya Anti-Dandruff Shampoo Women 200ml,Himalaya Men Anti-Dandruff Shampoo 200ml,200,200,Amazon.co.jp,2026-03-10,1930,1250,JPY,1,0,9.65,6.25,54.4,3,HIGH,source=amazon_jp_raw.csv,10,10,70.0,aqua|citric acid|cocamidopropyl betaine|glycerin|parfum,3,3,0.5385,fallback_table,built-in,built-in
HNS-SHAMP-TKY-01,Tokyo,Head & Shoulders,Shampoo,Head & Shoulders Smooth & Silky Shampoo 440ml,Head & Shoulders Men Scalp Care Shampoo 400ml,440,400,Amazon.co.jp,2026-03-10,2600,3535,JPY,0,0,5.909091,8.8375,-33.1362,4,HIGH,source=amazon_jp_raw.csv,10,10,90.0,aqua|citric acid|cocamidopropyl betaine|glycerin|parfum,1,1,0.8182,fallback_table,built-in,built-in
INDULE-HAIRGELS-TKY-AUTO100,Tokyo,Indulekha,Hair Gel / Serum,Indulekha Bringha Hair Serum Women 50ml,Indulekha Men Anti Hairfall Serum 50ml,50,50,Amazon.co.jp,2026-03-10,2199,2270,JPY,0,1,43.98,45.4,-3.1278,3,HIGH,source=amazon_jp_raw.csv,,,,,,,,,,
INDULE-SHAMPOO-TKY-AUTO102,Tokyo,Indulekha,Shampoo,Indulekha Bringha Shampoo 200ml,Indulekha Men Hair Vitalizer 200ml,200,200,Amazon.co.jp,2026-03-10,3029,2270,JPY,0,0,15.145,11.35,33.4361,3,HIGH,source=amazon_jp_raw.csv,10,10,80.0,aqua|bhringraj oil|citric acid|cocamidopropyl betaine|glycerin,2,2,0.6667,fallback_table,built-in,built-in
KAO-BODYWASH-TKY-AUTO103,Tokyo,Kao,Body Wash,Kao Jergens Body Wash Sakura Women (450ml),Kao Men's Biore Body Wash Charcoal (440ml),450,440,Amazon.co.jp,2026-03-10,2480,1408,JPY,1,0,5.511111,3.2,72.2222,3,HIGH,source=amazon_jp_raw.csv,10,10,90.0,aqua|citric acid|cocamidopropyl betaine|glycerin|parfum,1,1,0.8182,fallback_table,built-in,built-in
KAO-BODYWASH-TKY-AUTO103,Tokyo,Kao,Body Wash,Kao Jergens Body Wash Sakura Women (450ml),Kao Men's Biore Body Wash Charcoal (440ml),450,440,Matsumoto Kiyoshi,2026-03-18,415,415,JPY,0,0,0.922222,0.943182,-2.2223,3,HIGH,source=matsumoto_raw.csv,10,10,90.0,aqua|citric acid|cocamidopropyl betaine|glycerin|parfum,1,1,0.8182,fallback_table,built-in,built-in
KAO-BODYWASH-TKY-AUTO103,Tokyo,Kao,Body Wash,Kao Jergens Body Wash Sakura Women (450ml),Kao Men's Biore Body Wash Charcoal (440ml),450,440,Rakuten Japan,2026-03-10,1350,1350,JPY,0,0,3.0,3.068182,-2.2222,3,HIGH,source=rakuten_jp_raw.csv,10,10,90.0,aqua|citric acid|cocamidopropyl betaine|glycerin|parfum,1,1,0.8182,fallback_table,built-in,built-in
KAO-DEODORAN-TKY-AUTO104,Tokyo,Kao,Deodorant Spray,Kao Biore Deo Spray Refresh Women (150ml),Kao Men's Biore Deo Spray Cool (150ml),150,150,Amazon.co.jp,2026-03-10,2172,1408,JPY,0,0,14.48,9.386667,54.2614,3,HIGH,source=amazon_jp_raw.csv,10,10,90.0,alcohol denat|aluminum chlorohydrate|aqua|butane|cyclopentasiloxane,1,1,0.8182,fallback_table,built-in,built-in
KAO-DEODORAN-TKY-AUTO104,Tokyo,Kao,Deodorant Spray,Kao Biore Deo Spray Refresh Women (150ml),Kao Men's Biore Deo Spray Cool (150ml),150,150,Matsumoto Kiyoshi,2026-03-18,415,415,JPY,0,0,2.766667,2.766667,0.0,3,HIGH,source=matsumoto_raw.csv,10,10,90.0,alcohol denat|aluminum chlorohydrate|aqua|butane|cyclopentasiloxane,1,1,0.8182,fallback_table,built-in,built-in
KAO-DEODORAN-TKY-AUTO104,Tokyo,Kao,Deodorant Spray,Kao Biore Deo Spray Refresh Women (150ml),Kao Men's Biore Deo Spray Cool (150ml),150,150,Rakuten Japan,2026-03-10,2980,762,JPY,0,0,19.866667,5.08,291.0761,3,HIGH,source=rakuten_jp_raw.csv,10,10,90.0,alcohol denat|aluminum chlorohydrate|aqua|butane|cyclopentasiloxane,1,1,0.8182,fallback_table,built-in,built-in
KAO-FACETONE-TKY-AUTO105,Tokyo,Kao,Face Toner,Kao Sofina IP Toner Women (200ml),Kao Men's Biore Toner (160ml),200,160,Amazon.co.jp,2026-03-10,4290,1699,JPY,1,0,21.45,10.61875,102.0012,3,HIGH,source=amazon_jp_raw.csv,19,19,100.0,benzalkonium chloride|butylene glycol|disodium edta|fragrance|glycol distearate,0,0,1.0,api,Biore guard antibacterial body foam,Biore guard antibacterial body foam
KAO-FACETONE-TKY-AUTO105,Tokyo,Kao,Face Toner,Kao Sofina IP Toner Women (200ml),Kao Men's Biore Toner (160ml),200,160,Matsumoto Kiyoshi,2026-03-18,415,415,JPY,0,0,2.075,2.59375,-20.0,3,HIGH,source=matsumoto_raw.csv,19,19,100.0,benzalkonium chloride|butylene glycol|disodium edta|fragrance|glycol distearate,0,0,1.0,api,Biore guard antibacterial body foam,Biore guard antibacterial body foam
KAO-FACETONE-TKY-AUTO105,Tokyo,Kao,Face Toner,Kao Sofina IP Toner Women (200ml),Kao Men's Biore Toner (160ml),200,160,Rakuten Japan,2026-03-10,374,345,JPY,0,0,1.87,2.15625,-13.2754,3,HIGH,source=rakuten_jp_raw.csv,19,19,100.0,benzalkonium chloride|butylene glycol|disodium edta|fragrance|glycol distearate,0,0,1.0,api,Biore guard antibacterial body foam,Biore guard antibacterial body foam
KAO-HANDWASH-TKY-AUTO109,Tokyo,Kao,Hand Wash,Kao Soflan Aroma Rich Hand Soap Women (250ml),Kao Men's Biore Hand Soap Refresh (250ml),250,250,Amazon.co.jp,2026-03-10,2611,1648,JPY,1,0,10.444,6.592,58.4345,3,HIGH,source=amazon_jp_raw.csv,19,19,100.0,benzalkonium chloride|butylene glycol|disodium edta|fragrance|glycol distearate,0,0,1.0,api,Biore guard antibacterial body foam,Biore guard antibacterial body foam
KAO-HANDWASH-TKY-AUTO109,Tokyo,Kao,Hand Wash,Kao Soflan Aroma Rich Hand Soap Women (250ml),Kao Men's Biore Hand Soap Refresh (250ml),250,250,Matsumoto Kiyoshi,2026-03-18,415,415,JPY,0,0,1.66,1.66,0.0,3,HIGH,source=matsumoto_raw.csv,19,19,100.0,benzalkonium chloride|butylene glycol|disodium edta|fragrance|glycol distearate,0,0,1.0,api,Biore guard antibacterial body foam,Biore guard antibacterial body foam
KAOMER-BODYWASH-TKY-AUTO116,Tokyo,Kao/Merit,Body Wash,Kao Laurier Body Wash Women 550ml,Kao Men's Biore Body Wash 550ml,550,550,Amazon.co.jp,2026-03-10,4290,1408,JPY,1,0,7.8,2.56,204.6875,3,HIGH,source=amazon_jp_raw.csv,10,10,90.0,aqua|citric acid|cocamidopropyl betaine|glycerin|parfum,1,1,0.8182,fallback_table,built-in,built-in
KAOMER-CONDITIO-TKY-AUTO117,Tokyo,Kao/Merit,Conditioner,Kao Merit Conditioner 480ml,Kao Merit Men Conditioner 480ml,480,480,Amazon.co.jp,2026-03-10,909,500,JPY,1,1,1.89375,1.041667,81.7999,3,HIGH,source=amazon_jp_raw.csv,10,10,80.0,aqua|behentrimonium chloride|cetearyl alcohol|citric acid|dimethicone,2,2,0.6667,fallback_table,built-in,built-in
KAOMER-CONDITIO-TKY-AUTO117,Tokyo,Kao/Merit,Conditioner,Kao Merit Conditioner 480ml,Kao Merit Men Conditioner 480ml,480,480,Matsumoto Kiyoshi,2026-03-18,415,415,JPY,0,0,0.864583,0.864583,0.0,3,HIGH,source=matsumoto_raw.csv,10,10,80.0,aqua|behentrimonium chloride|cetearyl alcohol|citric acid|dimethicone,2,2,0.6667,fallback_table,built-in,built-in
KAOMER-CONDITIO-TKY-AUTO117,Tokyo,Kao/Merit,Conditioner,Kao Merit Conditioner 480ml,Kao Merit Men Conditioner 480ml,480,480,Rakuten Japan,2026-03-10,1350,1316,JPY,0,0,2.8125,2.741667,2.5836,3,HIGH,source=rakuten_jp_raw.csv,10,10,80.0,aqua|behentrimonium chloride|cetearyl alcohol|citric acid|dimethicone,2,2,0.6667,fallback_table,built-in,built-in
KAOMER-SHAMPOO-TKY-AUTO121,Tokyo,Kao/Merit,Shampoo,Kao Merit Shampoo 480ml,Kao Merit Men Shampoo 480ml,480,480,Amazon.co.jp,2026-03-10,1653,1000,JPY,1,0,3.44375,2.083333,65.3,3,HIGH,source=amazon_jp_raw.csv,10,10,90.0,aqua|citric acid|cocamidopropyl betaine|dimethicone|glycerin,1,1,0.8182,fallback_table,built-in,built-in
KAOMER-SHAMPOO-TKY-AUTO121,Tokyo,Kao/Merit,Shampoo,Kao Merit Shampoo 480ml,Kao Merit Men Shampoo 480ml,480,480,Matsumoto Kiyoshi,2026-03-18,415,415,JPY,0,0,0.864583,0.864583,0.0,3,HIGH,source=matsumoto_raw.csv,10,10,90.0,aqua|citric acid|cocamidopropyl betaine|dimethicone|glycerin,1,1,0.8182,fallback_table,built-in,built-in
KAOMER-SHAMPOO-TKY-AUTO121,Tokyo,Kao/Merit,Shampoo,Kao Merit Shampoo 480ml,Kao Merit Men Shampoo 480ml,480,480,Rakuten Japan,2026-03-10,2445,1316,JPY,0,0,5.09375,2.741667,85.7903,3,HIGH,source=rakuten_jp_raw.csv,10,10,90.0,aqua|citric acid|cocamidopropyl betaine|dimethicone|glycerin,1,1,0.8182,fallback_table,built-in,built-in
KOSESO-FACETONE-TKY-AUTO124,Tokyo,Kose/Softymo,Face Toner,Kose Softymo Speedy Cleansing Toner Women (230ml),Kose Men's Speedy Toner (200ml),230,200,Amazon.co.jp,2026-03-10,845,2980,JPY,0,1,3.673913,14.9,-75.3429,3,HIGH,source=amazon_jp_raw.csv,22,22,100.0,alanine|alcohol|aqua|arginne|aspartic acid,0,0,1.0,api,Leichtkämm spray,Leichtkämm spray
KOSESO-SHAMPOO-TKY-AUTO127,Tokyo,Kose/Softymo,Shampoo,Kose Softymo Speedy Shampoo Women 500ml,Kose Men Softymo Shampoo 500ml,500,500,Amazon.co.jp,2026-03-10,2160,794,JPY,0,0,4.32,1.588,172.0403,3,HIGH,source=amazon_jp_raw.csv,10,10,90.0,aqua|citric acid|cocamidopropyl betaine|dimethicone|glycerin,1,1,0.8182,fallback_table,built-in,built-in
KRASTA-HAIROIL-TKY-AUTO129,Tokyo,Kérastase,Hair Oil,Kérastase Elixir Ultime Original Serum Women (125m,Kérastase Genesis Homme Fortifying Serum Men (90ml,100,90,Amazon.co.jp,2026-03-10,4180,4180,JPY,0,1,41.8,46.444444,-10.0,3,HIGH,source=amazon_jp_raw.csv,10,10,60.0,cyclohexasiloxane|cyclopentasiloxane|dimethicone|parfum|phenyl trimethicone,4,4,0.4286,fallback_table,built-in,built-in
KRASTA-SHAMPOO-TKY-AUTO130,Tokyo,Kérastase,Shampoo,Kérastase Bain Satin 1 Shampoo (250ml),Kérastase Homme Bain Energisant (250ml),250,250,Amazon.co.jp,2026-03-10,4180,4180,JPY,1,0,16.72,16.72,0.0,3,HIGH,source=amazon_jp_raw.csv,10,10,90.0,aqua|cetyl alcohol|citric acid|cocamidopropyl betaine|dimethicone,1,1,0.8182,fallback_table,built-in,built-in
LION-BARSOAP-TKY-AUTO140,Tokyo,Lion,Bar Soap,Lion Look Natural Select Bar Soap 100g,Lion Look Natural Men Bar Soap 100g,100,100,Amazon.co.jp,2026-03-10,1699,600,JPY,0,0,16.99,6.0,183.1667,3,HIGH,source=amazon_jp_raw.csv,10,10,70.0,aqua|glycerin|parfum|sodium chloride|sodium cocoate,3,3,0.5385,fallback_table,built-in,built-in
LION-BODYWASH-TKY-AUTO142,Tokyo,Lion,Body Wash,Lion Softymo Lux Super Moisture Body Wash 450ml,Lion Softymo Men Speed Wash 450ml,450,450,Amazon.co.jp,2026-03-10,3429,1055,JPY,1,0,7.62,2.344444,225.0238,3,HIGH,source=amazon_jp_raw.csv,10,10,90.0,aqua|citric acid|cocamidopropyl betaine|glycerin|parfum,1,1,0.8182,fallback_table,built-in,built-in
LION-CONDITIO-TKY-AUTO143,Tokyo,Lion,Conditioner,Lion Systema Scalp Conditioner Women (400ml),Lion Banon Men Conditioner (400ml),400,400,Amazon.co.jp,2026-03-10,579,598,JPY,0,1,1.4475,1.495,-3.1773,3,HIGH,source=amazon_jp_raw.csv,10,10,80.0,aqua|behentrimonium chloride|cetearyl alcohol|citric acid|dimethicone,2,2,0.6667,fallback_table,built-in,built-in
LION-CONDITIO-TKY-AUTO143,Tokyo,Lion,Conditioner,Lion Systema Scalp Conditioner Women (400ml),Lion Banon Men Conditioner (400ml),400,400,Matsumoto Kiyoshi,2026-03-18,415,415,JPY,0,0,1.0375,1.0375,0.0,3,HIGH,source=matsumoto_raw.csv,10,10,80.0,aqua|behentrimonium chloride|cetearyl alcohol|citric acid|dimethicone,2,2,0.6667,fallback_table,built-in,built-in
LION-CONDITIO-TKY-AUTO143,Tokyo,Lion,Conditioner,Lion Systema Scalp Conditioner Women (400ml),Lion Banon Men Conditioner (400ml),400,400,Rakuten Japan,2026-03-10,2130,1635,JPY,0,0,5.325,4.0875,30.2752,3,HIGH,source=rakuten_jp_raw.csv,10,10,80.0,aqua|behentrimonium chloride|cetearyl alcohol|citric acid|dimethicone,2,2,0.6667,fallback_table,built-in,built-in
LION-TOOTHPAS-TKY-AUTO150,Tokyo,Lion,Toothpaste,Lion Clinica Advantage Fresh Toothpaste 130g,Lion Clinica Men Cool Toothpaste 130g,130,130,Amazon.co.jp,2026-03-10,2980,945,JPY,0,1,22.923077,7.269231,215.3439,3,HIGH,source=amazon_jp_raw.csv,10,10,90.0,cellulose gum|glycerin|hydrated silica|sodium fluoride|sodium lauryl sulfate,1,1,0.8182,fallback_table,built-in,built-in
LION-TOOTHPAS-TKY-AUTO150,Tokyo,Lion,Toothpaste,Lion Clinica Advantage Fresh Toothpaste 130g,Lion Clinica Men Cool Toothpaste 130g,130,130,Matsumoto Kiyoshi,2026-03-18,415,415,JPY,0,0,3.192308,3.192308,0.0,3,HIGH,source=matsumoto_raw.csv,10,10,90.0,cellulose gum|glycerin|hydrated silica|sodium fluoride|sodium lauryl sulfate,1,1,0.8182,fallback_table,built-in,built-in
LION-TOOTHPAS-TKY-AUTO150,Tokyo,Lion,Toothpaste,Lion Clinica Advantage Fresh Toothpaste 130g,Lion Clinica Men Cool Toothpaste 130g,130,130,Rakuten Japan,2026-03-10,2870,1000,JPY,0,0,22.076923,7.692308,187.0,3,HIGH,source=rakuten_jp_raw.csv,10,10,90.0,cellulose gum|glycerin|hydrated silica|sodium fluoride|sodium lauryl sulfate,1,1,0.8182,fallback_table,built-in,built-in
LION-TOOTHPAS-TKY-AUTO151,Tokyo,Lion,Toothpaste,Lion Systema Haguki Plus Toothpaste 95g,Lion Systema Men Fresh Toothpaste 95g,95,95,Amazon.co.jp,2026-03-10,882,2120,JPY,0,0,9.284211,22.315789,-58.3962,3,HIGH,source=amazon_jp_raw.csv,10,10,90.0,cellulose gum|glycerin|hydrated silica|sodium fluoride|sodium lauryl sulfate,1,1,0.8182,fallback_table,built-in,built-in
LION-TOOTHPAS-TKY-AUTO151,Tokyo,Lion,Toothpaste,Lion Systema Haguki Plus Toothpaste 95g,Lion Systema Men Fresh Toothpaste 95g,95,95,Matsumoto Kiyoshi,2026-03-18,415,415,JPY,0,0,4.368421,4.368421,0.0,3,HIGH,source=matsumoto_raw.csv,10,10,90.0,cellulose gum|glycerin|hydrated silica|sodium fluoride|sodium lauryl sulfate,1,1,0.8182,fallback_table,built-in,built-in
LION-TOOTHPAS-TKY-AUTO152,Tokyo,Lion,Toothpaste,Lion Systema Haguki Women Gel Toothpaste (95g),Lion Dentor Systema Men Toothpaste (95g),95,95,Amazon.co.jp,2026-03-10,4790,4790,JPY,1,1,50.421053,50.421053,0.0,3,HIGH,source=amazon_jp_raw.csv,10,10,90.0,cellulose gum|glycerin|hydrated silica|sodium fluoride|sodium lauryl sulfate,1,1,0.8182,fallback_table,built-in,built-in
LOREAL-FACIALCL-TKY-AUTO133,Tokyo,L'Oreal,Facial Cleanser,L'Oreal Paris Pure Clay Face Wash Women 100ml,L'Oreal Men Expert Pure & Matte Face Wash 100ml,100,100,Amazon.co.jp,2026-03-10,5390,5390,JPY,0,0,53.9,53.9,0.0,3,HIGH,source=amazon_jp_raw.csv,10,10,70.0,aqua|citric acid|cocamidopropyl betaine|glycerin|parfum,3,3,0.5385,fallback_table,built-in,built-in
LUX-BARSOAP-TKY-AUTO155,Tokyo,Lux,Bar Soap,Lux Soft Touch Soap 100g,Lux Men Sport Fresh Soap 100g,100,100,Amazon.co.jp,2026-03-10,1236,2749,JPY,0,0,12.36,27.49,-55.0382,3,HIGH,source=amazon_jp_raw.csv,10,10,90.0,aqua|etidronic acid|glycerin|parfum|sodium chloride,1,1,0.8182,fallback_table,built-in,built-in
LUX-BODYWASH-TKY-AUTO156,Tokyo,Lux,Body Wash,Lux Velvet Touch Shower Gel 500ml,Lux Men Sport Fresh Shower Gel 500ml,500,500,Amazon.co.jp,2026-03-10,871,937,JPY,0,1,1.742,1.874,-7.0438,3,HIGH,source=amazon_jp_raw.csv,10,10,80.0,aqua|citric acid|cocamidopropyl betaine|glycerin|parfum,2,2,0.6667,fallback_table,built-in,built-in
MAMAEA-BODYWASH-TKY-AUTO158,Tokyo,Mamaearth,Body Wash,Mamaearth Ubtan Body Wash with Turmeric 300ml,Mamaearth Men Charcoal Body Wash 300ml,300,300,Amazon.co.jp,2026-03-10,2085,1890,JPY,0,0,6.95,6.3,10.3175,3,HIGH,source=amazon_jp_raw.csv,10,10,70.0,aqua|citric acid|cocamidopropyl betaine|glycerin|parfum,3,3,0.5385,fallback_table,built-in,built-in
MAMAEA-CONDITIO-TKY-AUTO159,Tokyo,Mamaearth,Conditioner,Mamaearth Onion Conditioner Women (250ml),Mamaearth Men Anti-Dandruff Conditioner (250ml),250,250,Amazon.co.jp,2026-03-10,4400,4180,JPY,1,1,17.6,16.72,5.2632,3,HIGH,source=amazon_jp_raw.csv,10,10,90.0,aqua|behentrimonium chloride|bhringraj|cetearyl alcohol|citric acid,1,1,0.8182,fallback_table,built-in,built-in
MAMAEA-FACETONE-TKY-AUTO161,Tokyo,Mamaearth,Face Toner,Mamaearth Rose Water Toner Women 200ml,Mamaearth Men Charcoal Toner 200ml,200,200,Amazon.co.jp,2026-03-10,2085,2200,JPY,1,0,10.425,11.0,-5.2273,3,HIGH,source=amazon_jp_raw.csv,30,30,100.0,acrylates|aqua|beheneth-25 methacrylate copolymer|capryl glucoside|caprylyl,0,0,1.0,api,mamaearth ubtan face wash,mamaearth ubtan face wash
MAMAEA-FACIALCL-TKY-AUTO162,Tokyo,Mamaearth,Facial Cleanser,Mamaearth Ubtan Face Wash 100ml,Mamaearth CFC Free Charcoal Face Wash 100ml,100,100,Amazon.co.jp,2026-03-10,2390,1890,JPY,1,0,23.9,18.9,26.455,3,HIGH,source=amazon_jp_raw.csv,10,10,70.0,aqua|citric acid|cocamidopropyl betaine|glycerin|parfum,3,3,0.5385,fallback_table,built-in,built-in
MANDOM-CONDITIO-TKY-AUTO170,Tokyo,Mandom,Conditioner,Lucido-L Conditioner Women (400ml),Lucido Men Conditioner (400ml),400,400,Amazon.co.jp,2026-03-10,660,398,JPY,0,0,1.65,0.995,65.8291,3,HIGH,source=amazon_jp_raw.csv,9,9,88.9,aqua|behentrimonium chloride|cetearyl alcohol|citric acid|dimethicone,1,1,0.8,generic_category,generic,generic
MANDOM-CONDITIO-TKY-AUTO170,Tokyo,Mandom,Conditioner,Lucido-L Conditioner Women (400ml),Lucido Men Conditioner (400ml),400,400,Matsumoto Kiyoshi,2026-03-18,415,415,JPY,0,0,1.0375,1.0375,0.0,3,HIGH,source=matsumoto_raw.csv,9,9,88.9,aqua|behentrimonium chloride|cetearyl alcohol|citric acid|dimethicone,1,1,0.8,generic_category,generic,generic
MANDOM-CONDITIO-TKY-AUTO170,Tokyo,Mandom,Conditioner,Lucido-L Conditioner Women (400ml),Lucido Men Conditioner (400ml),400,400,Rakuten Japan,2026-03-10,1320,1980,JPY,0,0,3.3,4.95,-33.3333,3,HIGH,source=rakuten_jp_raw.csv,9,9,88.9,aqua|behentrimonium chloride|cetearyl alcohol|citric acid|dimethicone,1,1,0.8,generic_category,generic,generic
MANDOM-FACIALCL-TKY-AUTO171,Tokyo,Mandom,Facial Cleanser,Lucido-L Cleansing Foam Women (130g),Gatsby Facial Wash Ice-type Men (130g),130,130,Amazon.co.jp,2026-03-10,1255,720,JPY,0,0,9.653846,5.538462,74.3055,3,HIGH,source=amazon_jp_raw.csv,7,7,85.7,aqua|citric acid|cocamidopropyl betaine|glycerin|parfum,1,1,0.75,generic_category,generic,generic
MANDOM-SHAMPOO-TKY-AUTO174,Tokyo,Mandom,Shampoo,Lucido-L Shampoo Women (400ml),Lucido Men Shampoo (400ml),400,400,Amazon.co.jp,2026-03-10,982,982,JPY,0,0,2.455,2.455,0.0,3,HIGH,source=amazon_jp_raw.csv,9,9,88.9,aqua|citric acid|cocamidopropyl betaine|dimethicone|glycerin,1,1,0.8,generic_category,generic,generic
MANDOM-SHAMPOO-TKY-AUTO174,Tokyo,Mandom,Shampoo,Lucido-L Shampoo Women (400ml),Lucido Men Shampoo (400ml),400,400,Matsumoto Kiyoshi,2026-03-18,415,415,JPY,0,0,1.0375,1.0375,0.0,3,HIGH,source=matsumoto_raw.csv,9,9,88.9,aqua|citric acid|cocamidopropyl betaine|dimethicone|glycerin,1,1,0.8,generic_category,generic,generic
MEDIMI-BARSOAP-TKY-AUTO178,Tokyo,Medimix,Bar Soap,Medimix Ayurvedic Natural Glycerine Soap 100g,Medimix Men Active Soap 100g,100,100,Amazon.co.jp,2026-03-10,2020,3800,JPY,1,1,20.2,38.0,-46.8421,3,HIGH,source=amazon_jp_raw.csv,10,10,90.0,aqua|ayurvedic herbs|glycerin|neem|parfum,1,1,0.8182,fallback_table,built-in,built-in
MINIMA-SUNSCREE-TKY-AUTO181,Tokyo,Minimalist,Sunscreen,Minimalist SPF 50 PA++++ Sunscreen Women (50ml),Minimalist Men SPF 30 (50ml),50,50,Amazon.co.jp,2026-03-10,3783,3465,JPY,0,0,75.66,69.3,9.1775,3,HIGH,source=amazon_jp_raw.csv,10,10,90.0,aqua|bis-ethylhexyloxyphenol|dimethicone|ethylhexyl triazone|glycerin,1,1,0.8182,fallback_table,built-in,built-in
NEUTRO-FACEMOIS-TKY-AUTO182,Tokyo,Neutrogena,Face Moisturizer,Neutrogena Hydro Boost Water Gel 50ml,Neutrogena Men Hydro Boost Gel 50ml,50,50,Amazon.co.jp,2026-03-10,3856,3650,JPY,0,0,77.12,73.0,5.6438,3,HIGH,source=amazon_jp_raw.csv,21,27,9.5,parfum|phenoxyethanol,19,25,0.0435,api,Hydro Boost Aqua-Gel ,Nottregona
NEUTRO-HANDCREA-TKY-AUTO183,Tokyo,Neutrogena,Hand Cream,Neutrogena Norwegian Formula Hand Cream Women 50ml,Neutrogena Men Norwegian Formula Hand Cream 50ml,50,50,Amazon.co.jp,2026-03-10,2018,1129,JPY,0,0,40.36,22.58,78.7422,3,HIGH,source=amazon_jp_raw.csv,10,10,80.0,allantoin|aqua|cetearyl alcohol|dimethicone|glycerin,2,2,0.6667,fallback_table,built-in,built-in
NIVEA-BODYWASH-TKY-AUTO187,Tokyo,Nivea,Body Wash,Nivea Waterlily & Oil Body Wash,Nivea Men Deep Black Charcoal Body Wash,100,100,Amazon.co.jp,2026-03-10,548,1765,JPY,0,0,5.48,17.65,-68.9518,3,HIGH,source=amazon_jp_raw.csv,10,10,90.0,aqua|citric acid|cocamidopropyl betaine|glycerin|parfum,1,1,0.8182,fallback_table,built-in,built-in
NIVEA-BODYWASH-TKY-AUTO187,Tokyo,Nivea,Body Wash,Nivea Waterlily & Oil Body Wash,Nivea Men Deep Black Charcoal Body Wash,100,100,Matsumoto Kiyoshi,2026-03-18,415,415,JPY,0,0,4.15,4.15,0.0,3,HIGH,source=matsumoto_raw.csv,10,10,90.0,aqua|citric acid|cocamidopropyl betaine|glycerin|parfum,1,1,0.8182,fallback_table,built-in,built-in
NIVEA-BODYWASH-TKY-AUTO187,Tokyo,Nivea,Body Wash,Nivea Waterlily & Oil Body Wash,Nivea Men Deep Black Charcoal Body Wash,100,100,Rakuten Japan,2026-03-10,3390,4480,JPY,0,0,33.9,44.8,-24.3304,3,HIGH,source=rakuten_jp_raw.csv,10,10,90.0,aqua|citric acid|cocamidopropyl betaine|glycerin|parfum,1,1,0.8182,fallback_table,built-in,built-in
NIVEA-DEO-TKY-01,Tokyo,Nivea,Deodorant Roll-On,Nivea Pearl & Beauty Roll-On 50ml,Nivea Men Deep Roll-On 50ml,50,50,Matsumoto Kiyoshi,2026-03-18,415,415,JPY,0,0,8.3,8.3,0.0,5,HIGH,source=matsumoto_raw.csv,10,10,90.0,aluminum zirconium tetrachlorohydrex gly|aqua|cyclopentasiloxane|dimethicone|hydrogenated castor oil,1,1,0.8182,fallback_table,built-in,built-in
NIVEA-DEO-TKY-01,Tokyo,Nivea,Deodorant Roll-On,Nivea Pearl & Beauty Roll-On 50ml,Nivea Men Deep Roll-On 50ml,50,50,Rakuten Japan,2026-03-10,4480,4480,JPY,0,0,89.6,89.6,0.0,5,HIGH,source=rakuten_jp_raw.csv,10,10,90.0,aluminum zirconium tetrachlorohydrex gly|aqua|cyclopentasiloxane|dimethicone|hydrogenated castor oil,1,1,0.8182,fallback_table,built-in,built-in
NIVEA-DEODORAN-TKY-AUTO189,Tokyo,Nivea,Deodorant Roll-On,Nivea Pearl & Beauty Roll-On 50ml,Nivea Men Deep Roll-On 50ml,50,50,Amazon.co.jp,2026-03-10,2358,3146,JPY,0,1,47.16,62.92,-25.0477,3,HIGH,source=amazon_jp_raw.csv,10,10,90.0,aluminum zirconium tetrachlorohydrex gly|aqua|cyclopentasiloxane|dimethicone|hydrogenated castor oil,1,1,0.8182,fallback_table,built-in,built-in
NIVEA-DEODORAN-TKY-AUTO191,Tokyo,Nivea,Deodorant Spray,Nivea Whitening Deo Spray 150ml,Nivea Men Silver Protect Spray 150ml,150,150,Amazon.co.jp,2026-03-10,2980,1984,JPY,0,1,19.866667,13.226667,50.2016,3,HIGH,source=amazon_jp_raw.csv,10,10,90.0,alcohol denat|aluminum chlorohydrate|aqua|butane|cyclopentasiloxane,1,1,0.8182,fallback_table,built-in,built-in
NIVEA-FACIALCL-TKY-AUTO193,Tokyo,Nivea,Facial Cleanser,Nivea Refreshing Face Wash 100ml,Nivea Men All-In-1 Charcoal Face Wash 100ml,100,100,Amazon.co.jp,2026-03-10,396,1210,JPY,1,0,3.96,12.1,-67.2727,3,HIGH,source=amazon_jp_raw.csv,10,10,80.0,aqua|citric acid|cocamidopropyl betaine|glycerin|parfum,2,2,0.6667,fallback_table,built-in,built-in
OLAY-BODYWASH-TKY-AUTO195,Tokyo,Olay,Body Wash,Olay Natural White Body Wash,Olay Men Solutions Body Wash,100,100,Amazon.co.jp,2026-03-10,1572,990,JPY,0,0,15.72,9.9,58.7879,3,HIGH,source=amazon_jp_raw.csv,10,10,90.0,aqua|citric acid|cocamidopropyl betaine|glycerin|niacinamide,1,1,0.8182,fallback_table,built-in,built-in
OLAY-FACEMOIS-TKY-AUTO198,Tokyo,Olay,Face Moisturizer,Olay Total Effects Day Cream 50ml,Olay Men Solutions Face Moisturizer 50ml,50,50,Amazon.co.jp,2026-03-10,1980,1320,JPY,0,1,39.6,26.4,50.0,3,HIGH,source=amazon_jp_raw.csv,24,24,100.0,acrylates|aqua|c10-30 alkyl acrylate crosspolymer|carbomer|cetyl alcohol,0,0,1.0,api,OLAY beauty fluid,OLAY beauty fluid
ORALB-TOOTHPAS-TKY-AUTO200,Tokyo,Oral-B,Toothpaste,Oral-B Whitening (100g),Oral-B Pro-Expert Men (100g),100,100,Amazon.co.jp,2026-03-10,3580,1699,JPY,1,0,35.8,16.99,110.7122,3,HIGH,source=amazon_jp_raw.csv,10,10,90.0,cellulose gum|glycerin|hydrated silica|sodium fluoride|sodium lauryl sulfate,1,1,0.8182,fallback_table,built-in,built-in
PANTEN-SHAMPOO-TKY-AUTO204,Tokyo,Pantene,Shampoo,Pantene Silky Smooth Shampoo 340ml,Pantene Men Anti-Dandruff Shampoo 340ml,340,340,Amazon.co.jp,2026-03-10,2246,720,JPY,0,0,6.605882,2.117647,211.9444,3,HIGH,source=amazon_jp_raw.csv,10,10,90.0,aqua|citric acid|cocamidopropyl betaine|dimethicone|panthenol,1,1,0.8182,fallback_table,built-in,built-in
PANTEN-SHAMPOO-TKY-AUTO205,Tokyo,Pantene,Shampoo,Pantene Silky Smooth Care Shampoo 400ml,Pantene Men Anti-Dandruff Shampoo 400ml,400,400,Amazon.co.jp,2026-03-10,2246,1430,JPY,0,0,5.615,3.575,57.0629,3,HIGH,source=amazon_jp_raw.csv,10,10,90.0,aqua|citric acid|cocamidopropyl betaine|dimethicone|panthenol,1,1,0.8182,fallback_table,built-in,built-in
PANTENE-SHAMP-TKY-01,Tokyo,Pantene,Shampoo,Pantene Silky Smooth Care Shampoo 400ml,Pantene Men Anti-Dandruff Shampoo 400ml,400,400,Amazon.co.jp,2026-03-10,720,662,JPY,0,0,1.8,1.655,8.7613,4,HIGH,source=amazon_jp_raw.csv,10,10,90.0,aqua|citric acid|cocamidopropyl betaine|dimethicone|panthenol,1,1,0.8182,fallback_table,built-in,built-in
PARACH-BODYLOTI-TKY-AUTO208,Tokyo,Parachute,Body Lotion,Parachute Advansed Deep Nourish Lotion 400ml,Parachute Men Extra Moisturising 400ml,400,400,Amazon.co.jp,2026-03-10,3127,2648,JPY,0,0,7.8175,6.62,18.0891,3,HIGH,source=amazon_jp_raw.csv,10,10,90.0,aqua|cetearyl alcohol|coconut oil|dimethicone|glycerin,1,1,0.8182,fallback_table,built-in,built-in
PELICA-BARSOAP-TKY-AUTO212,Tokyo,Pelican,Bar Soap,Pelican Soap Uruoi Women (80g),Pelican Soap Men's Clean (80g),80,80,Amazon.co.jp,2026-03-10,1552,1100,JPY,0,0,19.4,13.75,41.0909,3,HIGH,source=amazon_jp_raw.csv,10,10,80.0,aqua|glycerin|horse oil|parfum|sodium chloride,2,2,0.6667,fallback_table,built-in,built-in
POLA-BARSOAP-TKY-AUTO216,Tokyo,Pola,Bar Soap,Pola Aroma Essence Soap Women (100g),Pola Grooming Agency Soap Men (100g),100,100,Amazon.co.jp,2026-03-10,3015,2336,JPY,0,0,30.15,23.36,29.0668,3,HIGH,source=amazon_jp_raw.csv,10,10,70.0,aqua|glycerin|parfum|sodium chloride|sodium cocoate,3,3,0.5385,fallback_table,built-in,built-in
POLA-BARSOAP-TKY-AUTO216,Tokyo,Pola,Bar Soap,Pola Aroma Essence Soap Women (100g),Pola Grooming Agency Soap Men (100g),100,100,Matsumoto Kiyoshi,2026-03-18,415,415,JPY,0,0,4.15,4.15,0.0,3,HIGH,source=matsumoto_raw.csv,10,10,70.0,aqua|glycerin|parfum|sodium chloride|sodium cocoate,3,3,0.5385,fallback_table,built-in,built-in
POLA-BARSOAP-TKY-AUTO216,Tokyo,Pola,Bar Soap,Pola Aroma Essence Soap Women (100g),Pola Grooming Agency Soap Men (100g),100,100,Rakuten Japan,2026-03-10,1000,1842,JPY,0,0,10.0,18.42,-45.7112,3,HIGH,source=rakuten_jp_raw.csv,10,10,70.0,aqua|glycerin|parfum|sodium chloride|sodium cocoate,3,3,0.5385,fallback_table,built-in,built-in
POLA-BODYWASH-TKY-AUTO218,Tokyo,Pola,Body Wash,Pola B.A. Body Wash Women (600ml),Pola Grooming Agency Body Wash Men (500ml),600,500,Amazon.co.jp,2026-03-10,2336,2336,JPY,1,1,3.893333,4.672,-16.6667,3,HIGH,source=amazon_jp_raw.csv,10,10,80.0,aqua|citric acid|cocamidopropyl betaine|glycerin|parfum,2,2,0.6667,fallback_table,built-in,built-in
POLA-BODYWASH-TKY-AUTO218,Tokyo,Pola,Body Wash,Pola B.A. Body Wash Women (600ml),Pola Grooming Agency Body Wash Men (500ml),600,500,Matsumoto Kiyoshi,2026-03-18,415,415,JPY,0,0,0.691667,0.83,-16.6666,3,HIGH,source=matsumoto_raw.csv,10,10,80.0,aqua|citric acid|cocamidopropyl betaine|glycerin|parfum,2,2,0.6667,fallback_table,built-in,built-in
POLA-BODYWASH-TKY-AUTO218,Tokyo,Pola,Body Wash,Pola B.A. Body Wash Women (600ml),Pola Grooming Agency Body Wash Men (500ml),600,500,Rakuten Japan,2026-03-10,1498,3755,JPY,0,0,2.496667,7.51,-66.7554,3,HIGH,source=rakuten_jp_raw.csv,10,10,80.0,aqua|citric acid|cocamidopropyl betaine|glycerin|parfum,2,2,0.6667,fallback_table,built-in,built-in
POLA-FACEMOIS-TKY-AUTO219,Tokyo,Pola,Face Moisturizer,Pola B.A Moisture Cream Women 30ml,Pola Men BA Cream 30ml,30,30,Amazon.co.jp,2026-03-10,1624,1624,JPY,0,0,54.133333,54.133333,0.0,3,HIGH,source=amazon_jp_raw.csv,8,8,87.5,aqua|cetearyl alcohol|dimethicone|glycerin|panthenol,1,1,0.7778,generic_category,generic,generic
POLA-FACEMOIS-TKY-AUTO219,Tokyo,Pola,Face Moisturizer,Pola B.A Moisture Cream Women 30ml,Pola Men BA Cream 30ml,30,30,Matsumoto Kiyoshi,2026-03-18,415,415,JPY,0,0,13.833333,13.833333,0.0,3,HIGH,source=matsumoto_raw.csv,8,8,87.5,aqua|cetearyl alcohol|dimethicone|glycerin|panthenol,1,1,0.7778,generic_category,generic,generic
