pair_code,city,brand,category,female_product,male_product,female_size,male_size,retailer,date_observed,female_price_local,male_price_local,currency,female_on_promo,male_on_promo,match_quality,confidence,match_notes
ANESSA-SUNSCREE-HYD-AUTO001,Hyderabad,Anessa,Sunscreen,Anessa Perfect UV Sunscreen Women SPF50 (60ml),Anessa Men Sunscreen Gel SPF50 (90ml),60,90,Amazon.in,2026-03-09,228,369,INR,0,0,3,HIGH,source=amazon_in_raw.csv
BBLUNT-HAIRCOLO-HYD-AUTO001,Hyderabad,BBlunt,Hair Colour,BBlunt Salon Secret Hair Colour Women,BBlunt Men Hair Colour,100,100,Amazon.in,2026-03-09,333,284,INR,1,1,3,HIGH,source=amazon_in_raw.csv
BIODER-BODYLOTI-HYD-AUTO004,Hyderabad,Bioderma,Body Lotion,Bioderma Atoderm Lotion Women (500ml),Bioderma Sebiaclear Body Lotion Men (200ml),500,200,Amazon.in,2026-03-09,1259,1259,INR,1,1,3,HIGH,source=amazon_in_raw.csv
BIODERMA-BODYWASH-HYD-AUTO001,Hyderabad,Bioderma,Body Wash,Bioderma Atoderm Shower Oil Women (200ml),Bioderma Sebiaclear Body Wash Men (200ml),200,200,Amazon.in,2026-03-09,1259,1259,INR,1,1,3,HIGH,source=amazon_in_raw.csv
BIODERMA-FACIALCL-HYD-AUTO001,Hyderabad,Bioderma,Facial Cleanser,Bioderma Sensibio H2O Micellar Water Women (250ml),Bioderma Sébium H2O Men (200ml),250,200,Amazon.in,2026-03-09,629,899,INR,1,1,3,HIGH,source=amazon_in_raw.csv
BIODERMA-SUNSCREE-HYD-AUTO001,Hyderabad,Bioderma,Sunscreen,Bioderma Photoderm Women SPF50+ (75ml),Bioderma Men SPF50 Fluid (40ml),75,40,Amazon.in,2026-03-09,1619,1799,INR,1,1,3,HIGH,source=amazon_in_raw.csv
BIOR-BODYLOTI-HYD-AUTO001,Hyderabad,Bioré,Body Lotion,Bioré Body Essence Milk Women 300ml,Bioré Men Body Lotion 300ml,300,300,Amazon.in,2026-03-09,1499,1799,INR,1,1,3,HIGH,source=amazon_in_raw.csv
BIOR-BODYWASH-HYD-AUTO009,Hyderabad,Bioré,Body Wash,Bioré Guard Body Wash Women 480ml,Bioré Men Guard Body Wash 480ml,480,480,Amazon.in,2026-03-09,2040,2040,INR,1,1,3,HIGH,source=amazon_in_raw.csv
BIOR-DEODORAN-HYD-AUTO001,Hyderabad,Bioré,Deodorant Roll-On,Bioré Deo Foot & Body Sheet Women 32-pack,Bioré Men Deo Sheet 32-pack,100,100,Amazon.in,2026-03-09,650,1812,INR,1,1,3,HIGH,source=amazon_in_raw.csv
BIOR-DEODORAN-HYD-AUTO011,Hyderabad,Bioré,Deodorant Roll-On,Bioré Soft Stone Deodorant Women (40ml),Bioré Deo Roll-On Men Cool Fresh (40ml),40,40,Amazon.in,2026-03-09,650,1812,INR,1,1,3,HIGH,source=amazon_in_raw.csv
BIOR-FACEMOIS-HYD-AUTO001,Hyderabad,Bioré,Face Moisturizer,Bioré UV Moisture Milk Cream SPF50 Women (50ml),Bioré Men Face Milk Moist (50ml),50,50,Amazon.in,2026-03-09,1499,1299,INR,1,1,3,HIGH,source=amazon_in_raw.csv
BIOR-FACIALCL-HYD-AUTO001,Hyderabad,Bioré,Facial Cleanser,Bioré Marshmallow Whip Face Wash 150ml,Bioré Men Facial Foam 130ml,150,130,Amazon.in,2026-03-09,873,699,INR,1,1,3,HIGH,source=amazon_in_raw.csv
BIOR-HANDCREA-HYD-AUTO001,Hyderabad,Bioré,Hand Cream,Bioré Moist Hand Cream Women (60g),Bioré Men Hand Milk (60g),60,60,Amazon.in,2026-03-09,1140,699,INR,1,1,3,HIGH,source=amazon_in_raw.csv
BIOR-HANDWASH-HYD-AUTO001,Hyderabad,Bioré,Hand Wash,Bioré U Foaming Hand Soap Women (250ml),Bioré Men Body Wash Hand Soap (250ml),250,250,Amazon.in,2026-03-09,1300,780,INR,1,1,3,HIGH,source=amazon_in_raw.csv
BIOR-SUNSCREE-HYD-AUTO016,Hyderabad,Bioré,Sunscreen,Bioré UV Aqua Rich Watery Essence SPF50+ 70ml,Bioré UV Athlizm Skin Protect Milk SPF50+ 65ml,70,65,Amazon.in,2026-03-09,1248,999,INR,1,1,3,HIGH,source=amazon_in_raw.csv
BIOTIQ-BARSOAP-HYD-AUTO017,Hyderabad,Biotique,Bar Soap,Biotique Bio Almond Oil Nourishing Soap,Biotique Bio Neem Purifying Soap,100,100,Amazon.in,2026-03-09,107,156,INR,1,1,3,HIGH,source=amazon_in_raw.csv
BIOTIQ-FACEMOIS-HYD-AUTO019,Hyderabad,Biotique,Face Moisturizer,Biotique Bio Coconut Whitening Cream 50g,Biotique Bio Aloe Vera Fresh Cream Men 50g,50,50,Amazon.in,2026-03-09,173,194,INR,1,1,3,HIGH,source=amazon_in_raw.csv
BIOTIQ-SHAMPOO-HYD-AUTO021,Hyderabad,Biotique,Shampoo,Biotique Bio Kelp Fresh Growth Shampoo,Biotique Bio Green Apple Shampoo,100,100,Amazon.in,2026-03-09,180,180,INR,1,1,3,HIGH,source=amazon_in_raw.csv
BIOTIQUE-BODYLOTI-HYD-AUTO001,Hyderabad,Biotique,Body Lotion,Biotique Bio Almond Oil Moisturizer 200ml,Biotique Bio Morning Nectar Moisturizer 200ml,200,200,Amazon.in,2026-03-09,233,194,INR,1,1,3,HIGH,source=amazon_in_raw.csv
BIOTIQUE-FACIALCL-HYD-AUTO001,Hyderabad,Biotique,Facial Cleanser,Biotique Bio Honey Gel Foaming Face Wash 100ml,Biotique Bio Neem Foaming Face Wash 100ml,100,100,Amazon.in,2026-03-09,147,192,INR,1,1,3,HIGH,source=amazon_in_raw.csv
CETAPHIL-BODYLOTI-HYD-AUTO001,Hyderabad,Cetaphil,Body Lotion,Cetaphil Moisturising Lotion (250ml),Cetaphil Men Moisturiser (125ml),250,125,Amazon.in,2026-03-09,620,620,INR,1,1,3,HIGH,source=amazon_in_raw.csv
CETAPHIL-FACIALCL-HYD-AUTO001,Hyderabad,Cetaphil,Facial Cleanser,Cetaphil Gentle Skin Cleanser Women (250ml),Cetaphil Men Facial Cleanser (125ml),250,125,Amazon.in,2026-03-09,614,780,INR,1,1,3,HIGH,source=amazon_in_raw.csv
COLGAT-TOOTHPAS-HYD-AUTO028,Hyderabad,Colgate,Toothpaste,Colgate Visible White Women Toothpaste (100g),Colgate Active Salt Men (100g),100,100,Amazon.in,2026-03-09,440,72,INR,1,1,3,HIGH,source=amazon_in_raw.csv
COLGATE-TOOTHPAS-HYD-AUTO001,Hyderabad,Colgate,Toothpaste,Colgate Visible White Teeth Whitening Toothpaste 1,Colgate Active Salt Toothpaste 100g,100,100,Amazon.in,2026-03-09,230,142,INR,1,1,3,HIGH,source=amazon_in_raw.csv
COLGATE-TOOTHPAS-HYD-AUTO002,Hyderabad,Colgate,Toothpaste,Colgate Optic White Women (100g),Colgate Men Active Clean (100g),100,100,Amazon.in,2026-03-09,799,265,INR,1,1,3,HIGH,source=amazon_in_raw.csv
COWBRA-BARSOAP-HYD-AUTO029,Hyderabad,Cow Brand,Bar Soap,Cow Brand Excellent Beauty Soap 135g,Cow Brand Excellent Men Soap 135g,135,135,Amazon.in,2026-03-09,899,2349,INR,1,1,3,HIGH,source=amazon_in_raw.csv
CUREL-BODYLOTI-HYD-AUTO001,Hyderabad,Curel,Body Lotion,Curel Moisture Lotion 150ml,Curel Men Moisturizing Lotion 150ml,150,150,Amazon.in,2026-03-09,2120,2270,INR,1,1,3,HIGH,source=amazon_in_raw.csv
CUREL-FACEMOIS-HYD-AUTO032,Hyderabad,Curel,Face Moisturizer,Curel Intensive Moisture Care Face Cream 40ml,Curel Men Face Balm Cream 35ml,40,35,Amazon.in,2026-03-09,4299,2120,INR,1,1,3,HIGH,source=amazon_in_raw.csv
CUREL-FACETONE-HYD-AUTO033,Hyderabad,Curel,Face Toner,Curel Moisture Face Toner Women 150ml,Curel Men Toner 150ml,150,150,Amazon.in,2026-03-09,4299,4256,INR,1,1,3,HIGH,source=amazon_in_raw.csv
CUREL-FACIALCL-HYD-AUTO001,Hyderabad,Curel,Facial Cleanser,Curel Moisture Face Wash Women 150ml,Curel Men Face Wash 150ml,150,150,Amazon.in,2026-03-09,4299,1840,INR,1,1,3,HIGH,source=amazon_in_raw.csv
CUREL-SUNSCREE-HYD-AUTO035,Hyderabad,Curel,Sunscreen,Curel UV Protection Face Milk SPF50+ 60ml,Curel Men UV Protection Cream 60ml,60,60,Amazon.in,2026-03-09,2270,2270,INR,1,1,3,HIGH,source=amazon_in_raw.csv
DHC-FACEMOIS-HYD-AUTO001,Hyderabad,DHC,Face Moisturizer,DHC Olive Virgin Oil Concentrate 15ml,DHC Men Deep Cleansing Oil 150ml,15,150,Amazon.in,2026-03-09,1880,448,INR,1,1,3,HIGH,source=amazon_in_raw.csv
DHC-FACIALCL-HYD-AUTO001,Hyderabad,DHC,Facial Cleanser,DHC Deep Cleansing Oil Women (120ml),DHC Men Oil Cleansing (120ml),120,120,Amazon.in,2026-03-09,9429,9429,INR,1,1,3,HIGH,source=amazon_in_raw.csv
DHC-HANDCREA-HYD-AUTO001,Hyderabad,DHC,Hand Cream,DHC Medicated Hand Cream Women 50ml,DHC Men Hand Cream 50ml,50,50,Amazon.in,2026-03-09,232904,245557,INR,1,0,3,HIGH,source=amazon_in_raw.csv
DOVE-BARSOAP-HYD-AUTO044,Hyderabad,Dove,Bar Soap,Dove Beauty Bar Japan 135g,Dove Men+Care Clean Comfort Bar Japan 135g,135,135,Amazon.in,2026-03-09,248,729,INR,1,1,3,HIGH,source=amazon_in_raw.csv
DOVE-BODYWASH-HYD-AUTO046,Hyderabad,Dove,Body Wash,Dove Deeply Nourishing Body Wash,Dove Men+Care Extra Fresh Body Wash,100,100,Amazon.in,2026-03-09,318,729,INR,1,1,3,HIGH,source=amazon_in_raw.csv
DOVE-BODYWASH-HYD-AUTO047,Hyderabad,Dove,Body Wash,Dove Premium Moisture Care Body Wash 470ml,Dove Men+Care Clean Comfort Body Wash 400ml,470,400,Amazon.in,2026-03-09,461,2376,INR,1,1,3,HIGH,source=amazon_in_raw.csv
DOVE-CONDITIO-HYD-AUTO001,Hyderabad,Dove,Conditioner,Dove Intense Repair Conditioner 175ml,Dove Men+Care Fortifying Conditioner 180ml,175,180,Amazon.in,2026-03-09,398,257,INR,1,1,3,HIGH,source=amazon_in_raw.csv
DOVE-CONDITIO-HYD-AUTO002,Hyderabad,Dove,Conditioner,Dove Moisture Care Conditioner 500ml,Dove Men+Care Hair Defence Conditioner 500ml,500,500,Amazon.in,2026-03-09,278,1037,INR,1,1,3,HIGH,source=amazon_in_raw.csv
DOVE-DEODORAN-HYD-AUTO001,Hyderabad,Dove,Deodorant Roll-On,Dove Eventone Deodorant Roll-On,Dove Men+Care Dry Comfort Roll-On,100,100,Amazon.in,2026-03-09,129,2446,INR,1,1,3,HIGH,source=amazon_in_raw.csv
DOVE-DEODORAN-HYD-AUTO002,Hyderabad,Dove,Deodorant Roll-On,Dove Advance Care Deodorant Women (40ml),Dove Men+Care Roll-On (40ml),40,40,Amazon.in,2026-03-09,232,2638,INR,1,1,3,HIGH,source=amazon_in_raw.csv
DOVE-DEODORAN-HYD-AUTO052,Hyderabad,Dove,Deodorant Spray,Dove Eventone Body Spray Women 150ml,Dove Men+Care Clean Comfort Spray 150ml,150,150,Amazon.in,2026-03-09,639,2510,INR,1,1,3,HIGH,source=amazon_in_raw.csv
DOVE-FACIALCL-HYD-AUTO053,Hyderabad,Dove,Facial Cleanser,Dove Cream Milk Face Wash 100ml,Dove Men+Care Sensitive Face Wash 100ml,100,100,Amazon.in,2026-03-09,314,978,INR,1,1,3,HIGH,source=amazon_in_raw.csv
DOVE-HANDCREA-HYD-AUTO001,Hyderabad,Dove,Hand Cream,Dove Nourishing Hand Cream 75ml,Dove Men+Care Hand & Face Lotion 75ml,75,75,Amazon.in,2026-03-09,451,197,INR,1,1,3,HIGH,source=amazon_in_raw.csv
DOVE-HANDCREA-HYD-AUTO055,Hyderabad,Dove,Hand Cream,Dove Intensive Hand Cream 75ml,Dove Men+Care Hand and Body Lotion 75ml,75,75,Amazon.in,2026-03-09,321,197,INR,1,1,3,HIGH,source=amazon_in_raw.csv
DOVE-HANDWASH-HYD-AUTO001,Hyderabad,Dove,Hand Wash,Dove Care & Protect Hand Wash 250ml,Dove Men+Care Deep Clean Hand Wash 250ml,250,250,Amazon.in,2026-03-09,146,729,INR,1,1,3,HIGH,source=amazon_in_raw.csv
DOVE-SHAMPOO-HYD-AUTO001,Hyderabad,Dove,Shampoo,Dove Intense Repair Shampoo 650ml,Dove Men+Care Strengthening Shampoo 650ml,650,650,Amazon.in,2026-03-09,809,731,INR,1,1,3,HIGH,source=amazon_in_raw.csv
DOVE-SUNSCREE-HYD-AUTO001,Hyderabad,Dove,Sunscreen,Dove Even Tone Antiperspirant+SPF Roll-On 50ml,Dove Men+Care Control Antiperspirant Roll-On 50ml,50,50,Amazon.in,2026-03-09,284,999,INR,1,1,3,HIGH,source=amazon_in_raw.csv
ENGAGE-DEODORAN-HYD-AUTO001,Hyderabad,Engage,Deodorant Spray,Engage W1 Deodorant Spray Women 150ml,Engage M1 Deodorant Spray Men 150ml,150,150,Amazon.in,2026-03-09,159,134,INR,1,1,3,HIGH,source=amazon_in_raw.csv
FIAMA-BARSOAP-HYD-AUTO001,Hyderabad,Fiama,Bar Soap,Fiama Women Gel Bar,Fiama Men Gel Bar,100,100,Amazon.in,2026-03-09,187,176,INR,1,1,3,HIGH,source=amazon_in_raw.csv
FIAMA-BODYWASH-HYD-AUTO001,Hyderabad,Fiama,Body Wash,Fiama Women Shower Gel Peach & Avocado,Fiama Men Refreshing Shower Gel,100,100,Amazon.in,2026-03-09,157,125,INR,1,1,3,HIGH,source=amazon_in_raw.csv
FOGG-DEODORAN-HYD-AUTO001,Hyderabad,Fogg,Deodorant Roll-On,Fogg Miss Dew Roll-On Women,Fogg Master Roll-On Men,100,100,Amazon.in,2026-03-09,195,299,INR,1,1,3,HIGH,source=amazon_in_raw.csv
FOGG-DEODORAN-HYD-AUTO002,Hyderabad,Fogg,Deodorant Spray,Fogg Royal Women Body Spray 150ml,Fogg Macho Men Body Spray 150ml,150,150,Amazon.in,2026-03-09,443,239,INR,1,1,3,HIGH,source=amazon_in_raw.csv
GARNIER-CONDITIO-HYD-AUTO001,Hyderabad,Garnier,Conditioner,Garnier Ultra Blends 5 Precious Herbs Conditioner,Garnier Men Anti-Dandruff Conditioner 175ml,100,175,Amazon.in,2026-03-09,3086,2035,INR,1,1,3,HIGH,source=amazon_in_raw.csv
GARNIER-FACEMOIS-HYD-AUTO001,Hyderabad,Garnier,Face Moisturizer,Garnier Bright Complete Vitamin C Cream 45g,Garnier Men PowerWhite Moisturizer 45g,45,45,Amazon.in,2026-03-09,153,360,INR,1,1,3,HIGH,source=amazon_in_raw.csv
GARNIER-FACEWASH-HYD-01,Hyderabad,Garnier,Facial Cleanser,Garnier Bright Complete Vitamin C Face Wash 100ml,Garnier Men PowerWhite Face Wash 100ml,100,100,Amazon.in,2026-03-09,209,284,INR,1,1,3,HIGH,source=amazon_in_raw.csv
GARNIER-HAIRCOLO-HYD-AUTO001,Hyderabad,Garnier,Hair Colour,Garnier Color Naturals Hair Colour Cream Women,Garnier Men Power Black Shampoo Hair Colour,100,100,Amazon.in,2026-03-09,94,140,INR,1,1,3,HIGH,source=amazon_in_raw.csv
GARNIER-SHAMPOO-HYD-AUTO001,Hyderabad,Garnier,Shampoo,Garnier Ultra Blends Soy Milk Shampoo 340ml,Garnier Men Anti-Dandruff Shampoo 340ml,340,340,Amazon.in,2026-03-09,899,284,INR,1,1,3,HIGH,source=amazon_in_raw.csv
GILLET-RAZOR3BL-HYD-AUTO075,Hyderabad,Gillette/Venus,Razor (3-blade starter kit),Gillette Venus Smooth (handle + 2 cartridges),Gillette Mach3 (handle + 1 cartridge),100,100,Amazon.in,2026-03-09,99,349,INR,1,1,3,HIGH,source=amazon_in_raw.csv
GILLETTE-RAZOR3BL-HYD-AUTO001,Hyderabad,Gillette/Venus,Razor (3-blade starter kit),Gillette Venus Smooth Razor,Gillette Mach3 Razor,1,1,Amazon.in,2026-03-09,99,350,INR,1,1,5,HIGH,source=amazon_in_raw.csv
GILLETTE-RAZOR3BL-HYD-AUTO002,Hyderabad,Gillette/Venus,Razor (3-blade starter kit),Gillette Venus Simply 3 Disposable Razor 3-pack,Gillette Blue3 Disposable Razor 3-pack,100,100,Amazon.in,2026-03-09,99,200,INR,1,1,3,HIGH,source=amazon_in_raw.csv
GILLETTE-RAZOR3BL-HYD-AUTO003,Hyderabad,Gillette/Venus,Razor (3-blade starter kit),Gillette Venus Embrace Razor + 2 blades,Gillette Mach3 Razor + 2 cartridges,100,100,Amazon.in,2026-03-09,99,227,INR,1,1,3,HIGH,source=amazon_in_raw.csv
GILLETTE-RAZORCAR-HYD-AUTO001,Hyderabad,Gillette/Venus,Razor Cartridges,Gillette Venus Smooth Cartridges 4-pack,Gillette Mach3 Cartridges 4-pack,100,100,Amazon.in,2026-03-09,99,3599,INR,1,1,3,HIGH,source=amazon_in_raw.csv
GILLETTE-RAZORCAR-HYD-AUTO002,Hyderabad,Gillette/Venus,Razor Cartridges,Gillette Venus Smooth Cartridges 6-pack,Gillette Mach3 Cartridges 6-pack,100,100,Amazon.in,2026-03-09,99,3599,INR,1,1,3,HIGH,source=amazon_in_raw.csv
GODREJ-BARSOAP-HYD-AUTO001,Hyderabad,Godrej,Bar Soap,Godrej Nupur Moisturising Soap (100g),Godrej Expert Men Soap (100g),100,100,Amazon.in,2026-03-09,130,125,INR,1,1,3,HIGH,source=amazon_in_raw.csv
GODREJ-HAIRCOLO-HYD-AUTO001,Hyderabad,Godrej,Hair Colour,Godrej Expert Cream Hair Colour Women (120ml),Godrej Expert Men Hair Colour (25ml),120,25,Amazon.in,2026-03-09,40,40,INR,1,1,3,HIGH,source=amazon_in_raw.csv
HEADSHOU-CONDITIO-HYD-AUTO001,Hyderabad,Head & Shoulders,Conditioner,H&S Smooth & Silky Conditioner 340ml,H&S Men 2-in-1 Anti-Dandruff 340ml,340,340,Amazon.in,2026-03-09,180,206,INR,1,1,3,HIGH,source=amazon_in_raw.csv
HEADSHOU-SHAMPOO-HYD-AUTO001,Hyderabad,Head & Shoulders,Shampoo,H&S Smooth & Silky Shampoo,H&S Men Ultra Shampoo,100,100,Amazon.in,2026-03-09,169,539,INR,1,1,3,HIGH,source=amazon_in_raw.csv
HENKEL-HAIRCOLO-HYD-AUTO001,Hyderabad,Henkel,Hair Colour,Freshlight Women Foam Colour (130ml),Bigen Men's Color (40ml),130,40,Amazon.in,2026-03-09,589,589,INR,1,1,3,HIGH,source=amazon_in_raw.csv
HIMALAYA-BARSOAP-HYD-AUTO001,Hyderabad,Himalaya,Bar Soap,Himalaya Neem & Turmeric Soap,Himalaya Men Intense Oil Clear Soap,100,100,Amazon.in,2026-03-09,241,44,INR,1,1,3,HIGH,source=amazon_in_raw.csv
HIMALAYA-BODYLOTI-HYD-AUTO001,Hyderabad,Himalaya,Body Lotion,Himalaya Nourishing Skin Cream 150ml,Himalaya Men Intense Moisturizing Cream 150ml,150,150,Amazon.in,2026-03-09,162,1145,INR,1,1,3,HIGH,source=amazon_in_raw.csv
HIMALAYA-CONDITIO-HYD-AUTO001,Hyderabad,Himalaya,Conditioner,Himalaya Protein Conditioner 200ml,Himalaya Men Protein Conditioner 200ml,200,200,Amazon.in,2026-03-09,107,159,INR,1,1,3,HIGH,source=amazon_in_raw.csv
HIMALAYA-FACEMOIS-HYD-AUTO001,Hyderabad,Himalaya,Face Moisturizer,Himalaya Nourishing Skin Cream 50ml,Himalaya Men Intense Moisturizing Cream 50ml,50,50,Amazon.in,2026-03-09,238,1145,INR,1,1,3,HIGH,source=amazon_in_raw.csv
HIMALAYA-FACIALCL-HYD-AUTO001,Hyderabad,Himalaya,Facial Cleanser,Himalaya Nourishing Cream Face Wash 100ml,Himalaya Men Active Fresh Face Wash 100ml,100,100,Amazon.in,2026-03-09,250,147,INR,1,1,3,HIGH,source=amazon_in_raw.csv
HIMALAYA-HANDWASH-HYD-AUTO001,Hyderabad,Himalaya,Hand Wash,Himalaya Pure Hands Sparkling Rose Hand Wash 250ml,Himalaya Men Active Fresh Hand Wash 250ml,250,250,Amazon.in,2026-03-09,99,99,INR,1,1,3,HIGH,source=amazon_in_raw.csv
HIMALAYA-SHAMPOO-HYD-AUTO001,Hyderabad,Himalaya,Shampoo,Himalaya Anti-Dandruff Shampoo Women 200ml,Himalaya Men Anti-Dandruff Shampoo 200ml,200,200,Amazon.in,2026-03-09,388,141,INR,1,1,3,HIGH,source=amazon_in_raw.csv
HIMALAYA-TOOTHPAS-HYD-AUTO001,Hyderabad,Himalaya,Toothpaste,Himalaya Botanique Whitening Complete Care Toothpa,Himalaya Men Active Fresh Toothpaste 80g,100,80,Amazon.in,2026-03-09,480,55,INR,1,1,3,HIGH,source=amazon_in_raw.csv
HUL-BARSOAP-HYD-AUTO001,Hyderabad,HUL/Hamam,Bar Soap,Hamam Neem Tulsi & Aloe Soap Women (100g),Hamam Men Active Protection Soap (100g),100,100,Amazon.in,2026-03-09,299,370,INR,1,1,3,HIGH,source=amazon_in_raw.csv
HUL-DEODORAN-HYD-AUTO001,Hyderabad,HUL,Deodorant Spray,Dove Talc Deodorant Spray Women (150ml),Axe Signature Deodorant Spray (150ml),150,150,Amazon.in,2026-03-09,299,123,INR,1,1,3,HIGH,source=amazon_in_raw.csv
INDULEKH-HAIRCOLO-HYD-AUTO001,Hyderabad,Indulekha,Hair Colour,Indulekha Women Bhringa Hair Oil Treatment (100ml),Indulekha Men Hair Colour (25ml),100,25,Amazon.in,2026-03-09,529,135,INR,1,1,3,HIGH,source=amazon_in_raw.csv
INDULEKH-HAIRGELS-HYD-AUTO001,Hyderabad,Indulekha,Hair Gel / Serum,Indulekha Bringha Hair Serum Women 50ml,Indulekha Men Anti Hairfall Serum 50ml,50,50,Amazon.in,2026-03-09,185,404,INR,1,1,3,HIGH,source=amazon_in_raw.csv
INDULEKH-HAIROIL-HYD-AUTO001,Hyderabad,Indulekha,Hair Oil,Indulekha Bringha Hair Oil Women 100ml,Indulekha Men Scalp Treatment 100ml,100,100,Amazon.in,2026-03-09,169,325,INR,1,1,3,HIGH,source=amazon_in_raw.csv
INDULEKH-SHAMPOO-HYD-AUTO001,Hyderabad,Indulekha,Shampoo,Indulekha Bringha Shampoo 200ml,Indulekha Men Hair Vitalizer 200ml,200,200,Amazon.in,2026-03-09,450,450,INR,1,1,3,HIGH,source=amazon_in_raw.csv
KAO-FACETONE-HYD-AUTO001,Hyderabad,Kao,Face Toner,Kao Sofina IP Toner Women (200ml),Kao Men's Biore Toner (160ml),200,160,Amazon.in,2026-03-09,199,299,INR,1,1,3,HIGH,source=amazon_in_raw.csv
KAO-FACIALCL-HYD-AUTO001,Hyderabad,Kao,Facial Cleanser,Kao Sofina IP Women Facial Wash (130g),Kao Men's Biore Double Scrub Face Wash (130g),130,130,Amazon.in,2026-03-09,200,820,INR,1,1,3,HIGH,source=amazon_in_raw.csv
KOSE-FACEMOIS-HYD-AUTO001,Hyderabad,Kose/Softymo,Face Moisturizer,Kose Softymo Speedy Cleansing Oil Face Cream Women,Kose Men Softymo Face Cream 50ml,100,50,Amazon.in,2026-03-09,1850,1850,INR,1,1,3,HIGH,source=amazon_in_raw.csv
KOSE-FACETONE-HYD-AUTO001,Hyderabad,Kose/Softymo,Face Toner,Kose Softymo Speedy Cleansing Toner Women (230ml),Kose Men's Speedy Toner (200ml),230,200,Amazon.in,2026-03-09,2817,1001,INR,1,1,3,HIGH,source=amazon_in_raw.csv
KOSE-HAIRGELS-HYD-AUTO001,Hyderabad,Kose/Softymo,Hair Gel / Serum,Kose Softymo Hair Serum Women 100ml,Kose Men Softymo Styling Wax 80g,100,80,Amazon.in,2026-03-09,449,699,INR,0,1,3,HIGH,source=amazon_in_raw.csv
KOSE-SHAMPOO-HYD-AUTO001,Hyderabad,Kose/Softymo,Shampoo,Kose Softymo Speedy Shampoo Women 500ml,Kose Men Softymo Shampoo 500ml,500,500,Amazon.in,2026-03-09,2817,699,INR,1,1,3,HIGH,source=amazon_in_raw.csv
KOSE-SUNSCREE-HYD-AUTO001,Hyderabad,Kose/Softymo,Sunscreen,Kose Suncut Perfect UV Cream SPF50+ 50ml,Kose Men Suncut UV Protect Milk 50ml,50,50,Amazon.in,2026-03-09,706,699,INR,0,1,3,HIGH,source=amazon_in_raw.csv
KRASTASE-HAIROIL-HYD-AUTO001,Hyderabad,Kérastase,Hair Oil,Kérastase Elixir Ultime Original Serum Women (125m,Kérastase Genesis Homme Fortifying Serum Men (90ml,100,90,Amazon.in,2026-03-09,2700,5100,INR,1,1,3,HIGH,source=amazon_in_raw.csv
KRASTASE-SHAMPOO-HYD-AUTO001,Hyderabad,Kérastase,Shampoo,Kérastase Bain Satin 1 Shampoo (250ml),Kérastase Homme Bain Energisant (250ml),250,250,Amazon.in,2026-03-09,2600,2600,INR,1,1,3,HIGH,source=amazon_in_raw.csv
LAKME-FACEMOIS-HYD-AUTO001,Hyderabad,Lakme,Face Moisturizer,Lakme Peach Milk Moisturizer SPF 24 60ml,Garnier Men PowerWhite Moisturizer 45ml,60,45,Amazon.in,2026-03-09,376,81,INR,1,1,3,HIGH,source=amazon_in_raw.csv
LAKME-SUNSCREE-HYD-AUTO001,Hyderabad,Lakme,Sunscreen,Lakme Sun Expert SPF 50 PA+++ Ultra Matte Lotion 1,Garnier Men Acno Fight SPF 20 Moisturizer 100ml,100,100,Amazon.in,2026-03-09,287,279,INR,1,1,3,HIGH,source=amazon_in_raw.csv
LION-BARSOAP-HYD-AUTO001,Hyderabad,Lion,Bar Soap,Lion Look Natural Select Bar Soap 100g,Lion Look Natural Men Bar Soap 100g,100,100,Amazon.in,2026-03-09,199,199,INR,1,1,3,HIGH,source=amazon_in_raw.csv
LION-BODYLOTI-HYD-AUTO001,Hyderabad,Lion,Body Lotion,Lion Soflan Premium Rich Body Milk Women (200ml),Lion Men's Soflan Body Lotion (200ml),200,200,Amazon.in,2026-03-09,270,199,INR,1,1,3,HIGH,source=amazon_in_raw.csv
LION-BODYWASH-HYD-AUTO001,Hyderabad,Lion,Body Wash,Lion Softymo Lux Super Moisture Body Wash 450ml,Lion Softymo Men Speed Wash 450ml,450,450,Amazon.in,2026-03-09,141,199,INR,1,1,3,HIGH,source=amazon_in_raw.csv
LION-CONDITIO-HYD-AUTO001,Hyderabad,Lion,Conditioner,Lion Systema Scalp Conditioner Women (400ml),Lion Banon Men Conditioner (400ml),400,400,Amazon.in,2026-03-09,191,381,INR,1,1,3,HIGH,source=amazon_in_raw.csv
LION-DEODORAN-HYD-AUTO001,Hyderabad,Lion,Deodorant Roll-On,Lion Ban Premium Roll-On Women (40ml),Lion Men's Ban Roll-On (40ml),40,40,Amazon.in,2026-03-09,344,1600,INR,1,1,3,HIGH,source=amazon_in_raw.csv
LION-DEODORAN-HYD-AUTO002,Hyderabad,Lion,Deodorant Spray,Lion Ban Deodorant Spray Women (150ml),Lion Men's Ban Deodorant Spray (150ml),150,150,Amazon.in,2026-03-09,344,499,INR,1,1,3,HIGH,source=amazon_in_raw.csv
LION-HANDWASH-HYD-AUTO001,Hyderabad,Lion,Hand Wash,Lion Kirei Kirei Medicated Foam Hand Soap Women (2,Lion Kirei Kirei Men Cool Hand Soap (250ml),100,250,Amazon.in,2026-03-09,344,199,INR,1,1,3,HIGH,source=amazon_in_raw.csv
LION-SUNSCREE-HYD-AUTO001,Hyderabad,Lion,Sunscreen,Lion Soflan Premium UV Milk Women SPF50 (60ml),Lion Ban Sun Block Men SPF50 (60ml),60,60,Amazon.in,2026-03-09,191,191,INR,1,1,3,HIGH,source=amazon_in_raw.csv
LION-TOOTHPAS-HYD-AUTO001,Hyderabad,Lion,Toothpaste,Lion Clinica Advantage Fresh Toothpaste 130g,Lion Clinica Men Cool Toothpaste 130g,130,130,Amazon.in,2026-03-09,950,1150,INR,1,1,3,HIGH,source=amazon_in_raw.csv
LION-TOOTHPAS-HYD-AUTO002,Hyderabad,Lion,Toothpaste,Lion Systema Haguki Plus Toothpaste 95g,Lion Systema Men Fresh Toothpaste 95g,95,95,Amazon.in,2026-03-09,899,899,INR,1,1,3,HIGH,source=amazon_in_raw.csv
LION-TOOTHPAS-HYD-AUTO003,Hyderabad,Lion,Toothpaste,Lion Systema Haguki Women Gel Toothpaste (95g),Lion Dentor Systema Men Toothpaste (95g),95,95,Amazon.in,2026-03-09,899,899,INR,1,1,3,HIGH,source=amazon_in_raw.csv
LOREAL-BODYLOTI-HYD-AUTO001,Hyderabad,L'Oreal,Body Lotion,L'Oreal Paris Body Expertise Revitalift Body Lotio,L'Oreal Men Expert Hydra Energetic Body Lotion 200,100,100,Amazon.in,2026-03-09,7522,895,INR,1,1,3,HIGH,source=amazon_in_raw.csv
LOREAL-FACEMOIS-HYD-AUTO001,Hyderabad,L'Oreal,Face Moisturizer,L'Oreal Paris Revitalift Day Cream 50ml,L'Oreal Men Expert Hydra Energetic Moisturizer 50m,50,100,Amazon.in,2026-03-09,1049,1695,INR,1,1,3,HIGH,source=amazon_in_raw.csv
LOREAL-HAIRCOLO-HYD-AUTO001,Hyderabad,L'Oreal,Hair Colour,L'Oreal Paris Excellence Creme Hair Color,L'Oreal Men Expert One-Twist Hair Color,100,100,Amazon.in,2026-03-09,471,624,INR,1,1,3,HIGH,source=amazon_in_raw.csv
LOTUSHER-SUNSCREE-HYD-AUTO001,Hyderabad,Lotus Herbals,Sunscreen,Lotus Herbals SafeSun SPF 50 Women (50g),Lotus Herbals Men SPF 30 (50g),50,50,Amazon.in,2026-03-09,363,185,INR,1,1,3,HIGH,source=amazon_in_raw.csv
LUX-BARSOAP-HYD-AUTO001,Hyderabad,Lux,Bar Soap,Lux Soft Touch Soap 100g,Lux Men Sport Fresh Soap 100g,100,100,Amazon.in,2026-03-09,299,154,INR,1,1,3,HIGH,source=amazon_in_raw.csv
LUX-BODYWASH-HYD-AUTO001,Hyderabad,Lux,Body Wash,Lux Velvet Touch Shower Gel 500ml,Lux Men Sport Fresh Shower Gel 500ml,500,500,Amazon.in,2026-03-09,165,546,INR,1,1,3,HIGH,source=amazon_in_raw.csv
MAMAEA-HANDCREA-HYD-AUTO165,Hyderabad,Mamaearth,Hand Cream,Mamaearth Aloe Vera Hand Cream 30ml,Mamaearth Men Hand & Nail Cream 30ml,30,30,Amazon.in,2026-03-09,126,199,INR,1,1,3,HIGH,source=amazon_in_raw.csv
MAMAEART-CONDITIO-HYD-AUTO001,Hyderabad,Mamaearth,Conditioner,Mamaearth Onion Conditioner Women (250ml),Mamaearth Men Anti-Dandruff Conditioner (250ml),250,250,Amazon.in,2026-03-09,427,247,INR,1,1,3,HIGH,source=amazon_in_raw.csv
MAMAEART-FACETONE-HYD-AUTO001,Hyderabad,Mamaearth,Face Toner,Mamaearth Rose Water Toner Women 200ml,Mamaearth Men Charcoal Toner 200ml,200,200,Amazon.in,2026-03-09,342,318,INR,1,1,3,HIGH,source=amazon_in_raw.csv
MANDOM-HAIRGELS-HYD-AUTO001,Hyderabad,Mandom,Hair Gel / Serum,Lucido-L Hair Serum Argan Oil Women (60ml),Gatsby Moving Rubber Wild Shake (80g),60,80,Amazon.in,2026-03-09,2922,2922,INR,1,1,3,HIGH,source=amazon_in_raw.csv
MANDOM-HAIRGELS-HYD-AUTO002,Hyderabad,Mandom/Gatsby,Hair Gel / Serum,Mandom Lucido Style Mix Serum Women 150ml,Gatsby Water Gloss Ultra Hard Men 300ml,150,300,Amazon.in,2026-03-09,2922,2922,INR,1,1,3,HIGH,source=amazon_in_raw.csv
MANDOM-HAIROIL-HYD-AUTO001,Hyderabad,Mandom,Hair Oil,Lucido-L Women Argan Hair Treatment Oil (60ml),Lucido Men Hair Water (200ml),60,200,Amazon.in,2026-03-09,2922,2922,INR,1,1,3,HIGH,source=amazon_in_raw.csv
MINIMALI-FACETONE-HYD-AUTO001,Hyderabad,Minimalist,Face Toner,Minimalist 7% Glycolic Toning Solution (100ml),Minimalist 10% Niacinamide Toner Men (100ml),100,100,Amazon.in,2026-03-09,474,569,INR,1,1,3,HIGH,source=amazon_in_raw.csv
NEUTRO-SUNSCREE-HYD-AUTO184,Hyderabad,Neutrogena,Sunscreen,Neutrogena Ultra Sheer Sunscreen SPF 50+ Women 88m,Neutrogena Men Triple Protect SPF 20 Face Lotion 8,100,100,Amazon.in,2026-03-09,440,1200,INR,1,1,3,HIGH,source=amazon_in_raw.csv
NEUTROGE-HANDCREA-HYD-AUTO001,Hyderabad,Neutrogena,Hand Cream,Neutrogena Norwegian Formula Hand Cream Women 50ml,Neutrogena Men Norwegian Formula Hand Cream 50ml,50,50,Amazon.in,2026-03-09,599,2796,INR,1,1,3,HIGH,source=amazon_in_raw.csv
NIVEA-BODYLOTI-HYD-AUTO001,Hyderabad,Nivea,Body Lotion,Nivea Soft Moisturizing Cream 200ml,Nivea Men Creme 150ml,200,150,Amazon.in,2026-03-09,311,1934,INR,1,1,3,HIGH,source=amazon_in_raw.csv
NIVEA-DEODORAN-HYD-AUTO001,Hyderabad,Nivea,Deodorant Roll-On,Nivea Pearl & Beauty Roll-On 50ml,Nivea Men Deep Roll-On 50ml,50,50,Amazon.in,2026-03-09,298,149,INR,1,1,5,HIGH,source=amazon_in_raw.csv
NIVEA-DEODORAN-HYD-AUTO002,Hyderabad,Nivea,Deodorant Roll-On,Nivea Pearl & Beauty Roll-On,Nivea Men Deep Impact Roll-On,100,100,Amazon.in,2026-03-09,416,374,INR,1,1,3,HIGH,source=amazon_in_raw.csv
NIVEA-DEODORAN-HYD-AUTO003,Hyderabad,Nivea,Deodorant Spray,Nivea Whitening Talc-Free Deo Spray 150ml,Nivea Men Deep Ocean Spray 150ml,150,150,Amazon.in,2026-03-09,139,136,INR,1,1,3,HIGH,source=amazon_in_raw.csv
NIVEA-DEODORAN-HYD-AUTO004,Hyderabad,Nivea,Deodorant Spray,Nivea Whitening Deo Spray 150ml,Nivea Men Silver Protect Spray 150ml,150,150,Amazon.in,2026-03-09,479,134,INR,1,1,3,HIGH,source=amazon_in_raw.csv
NIVEA-HANDCREA-HYD-AUTO001,Hyderabad,Nivea,Hand Cream,Nivea Extra Rich Caring Hand Cream 100ml,Nivea Men Quick Dry Hand Gel 100ml,100,100,Amazon.in,2026-03-09,194,136,INR,1,1,3,HIGH,source=amazon_in_raw.csv
OLAY-FACECREAM-HYD-01,Hyderabad,Olay,Face Moisturizer,Olay Total Effects Day Cream 50g,Olay Men Solutions Moisturizer 50g,50,50,Amazon.in,2026-03-09,778,299,INR,1,1,4,HIGH,source=amazon_in_raw.csv
ORALB-TOOTHPAS-HYD-AUTO001,Hyderabad,Oral-B,Toothpaste,Oral-B Whitening (100g),Oral-B Pro-Expert Men (100g),100,100,Amazon.in,2026-03-09,2813,110,INR,1,1,3,HIGH,source=amazon_in_raw.csv
PARACHUT-HAIROIL-HYD-AUTO001,Hyderabad,Parachute,Hair Oil,Parachute Advansed Jasmine Non-Sticky Hair Oil 200,Parachute Advansed Men Nourish Hair Oil 200ml,100,200,Amazon.in,2026-03-09,207,216,INR,1,1,3,HIGH,source=amazon_in_raw.csv
PLUM-FACETONE-HYD-AUTO001,Hyderabad,Plum,Face Toner,Plum Green Tea Alcohol Free Toner Women 200ml,Plum Men Facebase Skin Clarifying Toner 100ml,200,100,Amazon.in,2026-03-09,378,378,INR,1,1,3,HIGH,source=amazon_in_raw.csv
PLUM-HANDWASH-HYD-AUTO001,Hyderabad,Plum,Hand Wash,Plum Glow & Glow Hand Wash (250ml),Plum BodyLovin' Men Hand Wash (250ml),250,250,Amazon.in,2026-03-09,233,323,INR,1,1,3,HIGH,source=amazon_in_raw.csv
ANESSA-SUNSCREE-TKY-AUTO002,Tokyo,Anessa,Sunscreen,Anessa Perfect UV Sunscreen Women SPF50 (60ml),Anessa Men Sunscreen Gel SPF50 (90ml),60,90,Amazon.co.jp,2026-03-10,2181,2970,JPY,1,0,3,HIGH,source=amazon_jp_raw.csv
BIODER-BODYLOTI-TKY-AUTO004,Tokyo,Bioderma,Body Lotion,Bioderma Atoderm Lotion Women (500ml),Bioderma Sebiaclear Body Lotion Men (200ml),500,200,Amazon.co.jp,2026-03-10,3960,2530,JPY,0,1,3,HIGH,source=amazon_jp_raw.csv
BIODER-BODYWASH-TKY-AUTO005,Tokyo,Bioderma,Body Wash,Bioderma Atoderm Shower Oil Women (200ml),Bioderma Sebiaclear Body Wash Men (200ml),200,200,Amazon.co.jp,2026-03-10,3860,2530,JPY,0,1,3,HIGH,source=amazon_jp_raw.csv
BIODER-FACIALCL-TKY-AUTO006,Tokyo,Bioderma,Facial Cleanser,Bioderma Sensibio H2O Micellar Water Women (250ml),Bioderma Sébium H2O Men (200ml),250,200,Amazon.co.jp,2026-03-10,2530,3080,JPY,1,1,3,HIGH,source=amazon_jp_raw.csv
BIODER-SUNSCREE-TKY-AUTO007,Tokyo,Bioderma,Sunscreen,Bioderma Photoderm Women SPF50+ (75ml),Bioderma Men SPF50 Fluid (40ml),75,40,Amazon.co.jp,2026-03-10,4460,3080,JPY,0,1,3,HIGH,source=amazon_jp_raw.csv
BIOR-BODYLOTI-TKY-AUTO008,Tokyo,Bioré,Body Lotion,Bioré Body Essence Milk Women 300ml,Bioré Men Body Lotion 300ml,300,300,Amazon.co.jp,2026-03-10,549,1580,JPY,1,1,3,HIGH,source=amazon_jp_raw.csv
BIOR-BODYLOTI-TKY-AUTO008,Tokyo,Bioré,Body Lotion,Bioré Body Essence Milk Women 300ml,Bioré Men Body Lotion 300ml,300,300,Rakuten Japan,2026-03-10,4224,36966,JPY,0,0,3,HIGH,source=rakuten_jp_raw.csv
BIOR-BODYWASH-TKY-AUTO009,Tokyo,Bioré,Body Wash,Bioré Guard Body Wash Women 480ml,Bioré Men Guard Body Wash 480ml,480,480,Amazon.co.jp,2026-03-10,404,1158,JPY,0,0,3,HIGH,source=amazon_jp_raw.csv
BIOR-DEODORAN-TKY-AUTO010,Tokyo,Bioré,Deodorant Roll-On,Bioré Deo Foot & Body Sheet Women 32-pack,Bioré Men Deo Sheet 32-pack,100,100,Amazon.co.jp,2026-03-10,4290,655,JPY,1,1,3,HIGH,source=amazon_jp_raw.csv
BIOR-DEODORAN-TKY-AUTO011,Tokyo,Bioré,Deodorant Roll-On,Bioré Soft Stone Deodorant Women (40ml),Bioré Deo Roll-On Men Cool Fresh (40ml),40,40,Amazon.co.jp,2026-03-10,1980,733,JPY,1,1,3,HIGH,source=amazon_jp_raw.csv
BIOR-FACEMOIS-TKY-AUTO012,Tokyo,Bioré,Face Moisturizer,Bioré UV Moisture Milk Cream SPF50 Women (50ml),Bioré Men Face Milk Moist (50ml),50,50,Amazon.co.jp,2026-03-10,732,779,JPY,0,0,3,HIGH,source=amazon_jp_raw.csv
BIOR-FACIALCL-TKY-AUTO013,Tokyo,Bioré,Facial Cleanser,Bioré Marshmallow Whip Face Wash 150ml,Bioré Men Facial Foam 130ml,150,130,Amazon.co.jp,2026-03-10,766,733,JPY,1,1,3,HIGH,source=amazon_jp_raw.csv
BIOR-HANDCREA-TKY-AUTO014,Tokyo,Bioré,Hand Cream,Bioré Moist Hand Cream Women (60g),Bioré Men Hand Milk (60g),60,60,Amazon.co.jp,2026-03-10,458,779,JPY,0,0,3,HIGH,source=amazon_jp_raw.csv
BIOR-HANDCREA-TKY-AUTO014,Tokyo,Bioré,Hand Cream,Bioré Moist Hand Cream Women (60g),Bioré Men Hand Milk (60g),60,60,Rakuten Japan,2026-03-10,1720,36966,JPY,0,0,3,HIGH,source=rakuten_jp_raw.csv
BIOR-HANDWASH-TKY-AUTO015,Tokyo,Bioré,Hand Wash,Bioré U Foaming Hand Soap Women (250ml),Bioré Men Body Wash Hand Soap (250ml),250,250,Amazon.co.jp,2026-03-10,658,1095,JPY,1,0,3,HIGH,source=amazon_jp_raw.csv
BIOR-HANDWASH-TKY-AUTO015,Tokyo,Bioré,Hand Wash,Bioré U Foaming Hand Soap Women (250ml),Bioré Men Body Wash Hand Soap (250ml),250,250,Rakuten Japan,2026-03-10,568,2880,JPY,0,0,3,HIGH,source=rakuten_jp_raw.csv
BIOR-SUNSCREE-TKY-AUTO016,Tokyo,Bioré,Sunscreen,Bioré UV Aqua Rich Watery Essence SPF50+ 70ml,Bioré UV Athlizm Skin Protect Milk SPF50+ 65ml,70,65,Amazon.co.jp,2026-03-10,1205,1617,JPY,1,0,3,HIGH,source=amazon_jp_raw.csv
BIORE-FACEWASH-TKY-01,Tokyo,Bioré,Facial Cleanser,Biore Marshmallow Whip Face Wash 150ml,Biore Men Facial Foam 130ml,150,130,Amazon.co.jp,2026-03-10,337,554,JPY,0,1,4,HIGH,source=amazon_jp_raw.csv
BIOTIQ-BODYLOTI-TKY-AUTO018,Tokyo,Biotique,Body Lotion,Biotique Bio Almond Oil Moisturizer 200ml,Biotique Bio Morning Nectar Moisturizer 200ml,200,200,Amazon.co.jp,2026-03-10,2480,1746,JPY,0,0,3,HIGH,source=amazon_jp_raw.csv
BIOTIQ-FACEMOIS-TKY-AUTO019,Tokyo,Biotique,Face Moisturizer,Biotique Bio Coconut Whitening Cream 50g,Biotique Bio Aloe Vera Fresh Cream Men 50g,50,50,Amazon.co.jp,2026-03-10,1100,1746,JPY,0,0,3,HIGH,source=amazon_jp_raw.csv
BIOTIQ-FACIALCL-TKY-AUTO020,Tokyo,Biotique,Facial Cleanser,Biotique Bio Honey Gel Foaming Face Wash 100ml,Biotique Bio Neem Foaming Face Wash 100ml,100,100,Amazon.co.jp,2026-03-10,1869,1869,JPY,0,0,3,HIGH,source=amazon_jp_raw.csv
CETAPH-BODYLOTI-TKY-AUTO023,Tokyo,Cetaphil,Body Lotion,Cetaphil Moisturising Lotion (250ml),Cetaphil Men Moisturiser (125ml),250,125,Amazon.co.jp,2026-03-10,2116,3889,JPY,0,1,3,HIGH,source=amazon_jp_raw.csv
CETAPH-FACIALCL-TKY-AUTO024,Tokyo,Cetaphil,Facial Cleanser,Cetaphil Gentle Skin Cleanser Women (250ml),Cetaphil Men Facial Cleanser (125ml),250,125,Amazon.co.jp,2026-03-10,3889,3889,JPY,0,0,3,HIGH,source=amazon_jp_raw.csv
COWBRA-BARSOAP-TKY-AUTO029,Tokyo,Cow Brand,Bar Soap,Cow Brand Excellent Beauty Soap 135g,Cow Brand Excellent Men Soap 135g,135,135,Amazon.co.jp,2026-03-10,1145,537,JPY,0,0,3,HIGH,source=amazon_jp_raw.csv
COWBRA-BARSOAP-TKY-AUTO030,Tokyo,Cow Brand,Bar Soap,Cow Brand Milk Soap Extra Rich Women (100g),Cow Brand Blue Box Soap Men (100g),100,100,Amazon.co.jp,2026-03-10,1145,875,JPY,1,0,3,HIGH,source=amazon_jp_raw.csv
CUREL-BODYLOTI-TKY-AUTO031,Tokyo,Curel,Body Lotion,Curel Moisture Lotion 150ml,Curel Men Moisturizing Lotion 150ml,150,150,Amazon.co.jp,2026-03-10,3850,1597,JPY,0,0,3,HIGH,source=amazon_jp_raw.csv
CUREL-FACEMOIS-TKY-AUTO032,Tokyo,Curel,Face Moisturizer,Curel Intensive Moisture Care Face Cream 40ml,Curel Men Face Balm Cream 35ml,40,35,Amazon.co.jp,2026-03-10,6399,2520,JPY,0,0,3,HIGH,source=amazon_jp_raw.csv
CUREL-FACEMOIS-TKY-AUTO032,Tokyo,Curel,Face Moisturizer,Curel Intensive Moisture Care Face Cream 40ml,Curel Men Face Balm Cream 35ml,40,35,Rakuten Japan,2026-03-10,2698,2598,JPY,0,0,3,HIGH,source=rakuten_jp_raw.csv
CUREL-FACETONE-TKY-AUTO033,Tokyo,Curel,Face Toner,Curel Moisture Face Toner Women 150ml,Curel Men Toner 150ml,150,150,Amazon.co.jp,2026-03-10,1980,1600,JPY,1,1,3,HIGH,source=amazon_jp_raw.csv
CUREL-FACETONE-TKY-AUTO033,Tokyo,Curel,Face Toner,Curel Moisture Face Toner Women 150ml,Curel Men Toner 150ml,150,150,Rakuten Japan,2026-03-10,1085,2598,JPY,0,0,3,HIGH,source=rakuten_jp_raw.csv
CUREL-FACIALCL-TKY-AUTO034,Tokyo,Curel,Facial Cleanser,Curel Moisture Face Wash Women 150ml,Curel Men Face Wash 150ml,150,150,Amazon.co.jp,2026-03-10,1595,2706,JPY,0,1,3,HIGH,source=amazon_jp_raw.csv
CUREL-LOTION-TKY-01,Tokyo,Curel,Body Lotion,Curel Moisture Lotion 150ml,Curel Men Moisturizing Lotion 150ml,150,150,Amazon.co.jp,2026-03-10,1980,2863,JPY,0,1,4,HIGH,source=amazon_jp_raw.csv
CUREL-SUNSCREE-TKY-AUTO035,Tokyo,Curel,Sunscreen,Curel UV Protection Face Milk SPF50+ 60ml,Curel Men UV Protection Cream 60ml,60,60,Amazon.co.jp,2026-03-10,1760,1760,JPY,0,0,3,HIGH,source=amazon_jp_raw.csv
CUREL-SUNSCREE-TKY-AUTO035,Tokyo,Curel,Sunscreen,Curel UV Protection Face Milk SPF50+ 60ml,Curel Men UV Protection Cream 60ml,60,60,Rakuten Japan,2026-03-10,2856,2900,JPY,0,0,3,HIGH,source=rakuten_jp_raw.csv
DARIYA-HAIRCOLO-TKY-AUTO040,Tokyo,Dariya,Hair Colour,Salon de Pro Women Hair Colour Cream (50g),Salon de Pro Men's Hair Colour (40g),50,40,Amazon.co.jp,2026-03-10,800,573,JPY,0,0,3,HIGH,source=amazon_jp_raw.csv
DARIYA-HAIRCOLO-TKY-AUTO041,Tokyo,Dariya,Hair Colour,Dariya Salon de Pro Beauteen Melt Color Women Crea,Dariya Salon de Pro Men's Hair Colour Cream (40g),100,40,Amazon.co.jp,2026-03-10,758,1657,JPY,0,1,3,HIGH,source=amazon_jp_raw.csv
DHC-FACEMOIS-TKY-AUTO036,Tokyo,DHC,Face Moisturizer,DHC Olive Virgin Oil Concentrate 15ml,DHC Men Deep Cleansing Oil 150ml,15,150,Amazon.co.jp,2026-03-10,3450,1499,JPY,0,0,3,HIGH,source=amazon_jp_raw.csv
DHC-FACEMOIS-TKY-AUTO036,Tokyo,DHC,Face Moisturizer,DHC Olive Virgin Oil Concentrate 15ml,DHC Men Deep Cleansing Oil 150ml,15,150,Rakuten Japan,2026-03-10,1650,880,JPY,0,0,3,HIGH,source=rakuten_jp_raw.csv
DHC-FACEMOIS-TKY-AUTO037,Tokyo,DHC,Face Moisturizer,DHC Olive Virgin Oil Cream Women (25g),DHC Men All-in-One Face Cream (50g),25,50,Amazon.co.jp,2026-03-10,2130,1350,JPY,1,1,3,HIGH,source=amazon_jp_raw.csv
DHC-FACEMOIS-TKY-AUTO037,Tokyo,DHC,Face Moisturizer,DHC Olive Virgin Oil Cream Women (25g),DHC Men All-in-One Face Cream (50g),25,50,Rakuten Japan,2026-03-10,1815,880,JPY,0,0,3,HIGH,source=rakuten_jp_raw.csv
DHC-FACIALCL-TKY-AUTO038,Tokyo,DHC,Facial Cleanser,DHC Deep Cleansing Oil Women (120ml),DHC Men Oil Cleansing (120ml),120,120,Amazon.co.jp,2026-03-10,2440,3520,JPY,0,1,3,HIGH,source=amazon_jp_raw.csv
DHC-FACIALCL-TKY-AUTO038,Tokyo,DHC,Facial Cleanser,DHC Deep Cleansing Oil Women (120ml),DHC Men Oil Cleansing (120ml),120,120,Rakuten Japan,2026-03-10,1540,1180,JPY,0,0,3,HIGH,source=rakuten_jp_raw.csv
DHC-HANDCREA-TKY-AUTO039,Tokyo,DHC,Hand Cream,DHC Medicated Hand Cream Women 50ml,DHC Men Hand Cream 50ml,50,50,Amazon.co.jp,2026-03-10,552,2200,JPY,0,1,3,HIGH,source=amazon_jp_raw.csv
DOVE-BARSOAP-TKY-AUTO043,Tokyo,Dove,Bar Soap,Dove Beauty Bar,Dove Men+Care Clean Comfort Bar,100,100,Amazon.co.jp,2026-03-10,1582,6960,JPY,0,0,3,HIGH,source=amazon_jp_raw.csv
DOVE-BARSOAP-TKY-AUTO043,Tokyo,Dove,Bar Soap,Dove Beauty Bar,Dove Men+Care Clean Comfort Bar,100,100,Rakuten Japan,2026-03-10,5490,5200,JPY,0,0,3,HIGH,source=rakuten_jp_raw.csv
DOVE-BARSOAP-TKY-AUTO044,Tokyo,Dove,Bar Soap,Dove Beauty Bar Japan 135g,Dove Men+Care Clean Comfort Bar Japan 135g,135,135,Amazon.co.jp,2026-03-10,1800,875,JPY,0,0,3,HIGH,source=amazon_jp_raw.csv
DOVE-BARSOAP-TKY-AUTO044,Tokyo,Dove,Bar Soap,Dove Beauty Bar Japan 135g,Dove Men+Care Clean Comfort Bar Japan 135g,135,135,Rakuten Japan,2026-03-10,2990,4800,JPY,0,0,3,HIGH,source=rakuten_jp_raw.csv
DOVE-BARSOAP-TKY-AUTO045,Tokyo,Dove,Bar Soap,Dove Cream Beauty Bathing Bar Shea Butter Women (1,Dove Men+Care Clean Comfort Bar (100g),100,100,Amazon.co.jp,2026-03-10,1980,875,JPY,0,0,3,HIGH,source=amazon_jp_raw.csv
DOVE-BODYWASH-TKY-01,Tokyo,Dove,Body Wash,Dove Premium Moisture Body Wash 470ml,Dove Men+Care Clean Comfort Body Wash 400ml,470,400,Amazon.co.jp,2026-03-10,2087,1990,JPY,1,0,4,HIGH,source=amazon_jp_raw.csv
DOVE-BODYWASH-TKY-AUTO046,Tokyo,Dove,Body Wash,Dove Deeply Nourishing Body Wash,Dove Men+Care Extra Fresh Body Wash,100,100,Amazon.co.jp,2026-03-10,699,9771,JPY,0,0,3,HIGH,source=amazon_jp_raw.csv
DOVE-BODYWASH-TKY-AUTO047,Tokyo,Dove,Body Wash,Dove Premium Moisture Care Body Wash 470ml,Dove Men+Care Clean Comfort Body Wash 400ml,470,400,Amazon.co.jp,2026-03-10,2570,9771,JPY,0,0,3,HIGH,source=amazon_jp_raw.csv
DOVE-CONDITIO-TKY-AUTO048,Tokyo,Dove,Conditioner,Dove Intense Repair Conditioner 175ml,Dove Men+Care Fortifying Conditioner 180ml,175,180,Amazon.co.jp,2026-03-10,776,1990,JPY,0,0,3,HIGH,source=amazon_jp_raw.csv
DOVE-CONDITIO-TKY-AUTO049,Tokyo,Dove,Conditioner,Dove Moisture Care Conditioner 500ml,Dove Men+Care Hair Defence Conditioner 500ml,500,500,Amazon.co.jp,2026-03-10,776,841,JPY,0,0,3,HIGH,source=amazon_jp_raw.csv
DOVE-DEODORAN-TKY-AUTO050,Tokyo,Dove,Deodorant Roll-On,Dove Eventone Deodorant Roll-On,Dove Men+Care Dry Comfort Roll-On,100,100,Amazon.co.jp,2026-03-10,1990,1990,JPY,0,1,3,HIGH,source=amazon_jp_raw.csv
DOVE-DEODORAN-TKY-AUTO051,Tokyo,Dove,Deodorant Roll-On,Dove Advance Care Deodorant Women (40ml),Dove Men+Care Roll-On (40ml),40,40,Amazon.co.jp,2026-03-10,1350,1990,JPY,0,0,3,HIGH,source=amazon_jp_raw.csv
DOVE-DEODORAN-TKY-AUTO052,Tokyo,Dove,Deodorant Spray,Dove Eventone Body Spray Women 150ml,Dove Men+Care Clean Comfort Spray 150ml,150,150,Amazon.co.jp,2026-03-10,2200,1990,JPY,0,0,3,HIGH,source=amazon_jp_raw.csv
DOVE-FACIALCL-TKY-AUTO053,Tokyo,Dove,Facial Cleanser,Dove Cream Milk Face Wash 100ml,Dove Men+Care Sensitive Face Wash 100ml,100,100,Amazon.co.jp,2026-03-10,740,875,JPY,1,1,3,HIGH,source=amazon_jp_raw.csv
DOVE-HANDCREA-TKY-AUTO054,Tokyo,Dove,Hand Cream,Dove Nourishing Hand Cream 75ml,Dove Men+Care Hand & Face Lotion 75ml,75,75,Amazon.co.jp,2026-03-10,950,1207,JPY,1,0,3,HIGH,source=amazon_jp_raw.csv
DOVE-HANDCREA-TKY-AUTO055,Tokyo,Dove,Hand Cream,Dove Intensive Hand Cream 75ml,Dove Men+Care Hand and Body Lotion 75ml,75,75,Amazon.co.jp,2026-03-10,950,1428,JPY,0,0,3,HIGH,source=amazon_jp_raw.csv
DOVE-HANDWASH-TKY-AUTO056,Tokyo,Dove,Hand Wash,Dove Care & Protect Hand Wash 250ml,Dove Men+Care Deep Clean Hand Wash 250ml,250,250,Amazon.co.jp,2026-03-10,2780,1990,JPY,0,0,3,HIGH,source=amazon_jp_raw.csv
DOVE-HANDWASH-TKY-AUTO056,Tokyo,Dove,Hand Wash,Dove Care & Protect Hand Wash 250ml,Dove Men+Care Deep Clean Hand Wash 250ml,250,250,Rakuten Japan,2026-03-10,1913,2280,JPY,0,0,3,HIGH,source=rakuten_jp_raw.csv
DOVE-SHAMPOO-TKY-AUTO057,Tokyo,Dove,Shampoo,Dove Intense Repair Shampoo 650ml,Dove Men+Care Strengthening Shampoo 650ml,650,650,Amazon.co.jp,2026-03-10,2926,1379,JPY,0,0,3,HIGH,source=amazon_jp_raw.csv
DOVE-SHAMPOO-TKY-AUTO058,Tokyo,Dove,Shampoo,Dove Moisture Care Shampoo 500ml,Dove Men+Care Scalp Care Shampoo 480ml,500,480,Amazon.co.jp,2026-03-10,1463,450,JPY,0,1,3,HIGH,source=amazon_jp_raw.csv
DOVE-SUNSCREE-TKY-AUTO059,Tokyo,Dove,Sunscreen,Dove Even Tone Antiperspirant+SPF Roll-On 50ml,Dove Men+Care Control Antiperspirant Roll-On 50ml,50,50,Amazon.co.jp,2026-03-10,2200,3480,JPY,1,1,3,HIGH,source=amazon_jp_raw.csv
GARNIE-FACEMOIS-TKY-AUTO069,Tokyo,Garnier,Face Moisturizer,Garnier Bright Complete Cream Women (45g),Garnier Men Powerwhite Anti-Dark Cells (20g),45,20,Amazon.co.jp,2026-03-10,1465,2288,JPY,0,0,3,HIGH,source=amazon_jp_raw.csv
GARNIE-FACIALCL-TKY-AUTO070,Tokyo,Garnier,Facial Cleanser,Garnier Bright Complete Vitamin C Face Wash 100ml,Garnier Men PowerWhite Face Wash 100ml,100,100,Amazon.co.jp,2026-03-10,2137,3837,JPY,0,0,3,HIGH,source=amazon_jp_raw.csv
GARNIE-SHAMPOO-TKY-AUTO073,Tokyo,Garnier,Shampoo,Garnier Ultra Blends Soy Milk Shampoo 340ml,Garnier Men Anti-Dandruff Shampoo 340ml,340,340,Amazon.co.jp,2026-03-10,2800,5940,JPY,1,1,3,HIGH,source=amazon_jp_raw.csv
GARNIE-SHAMPOO-TKY-AUTO074,Tokyo,Garnier,Shampoo,Garnier Fructis Smooth & Shine Shampoo 400ml,Garnier Fructis Men Clean & Fresh Shampoo 400ml,400,400,Amazon.co.jp,2026-03-10,2504,1980,JPY,1,0,3,HIGH,source=amazon_jp_raw.csv
GILLET-RAZOR-TKY-01,Tokyo,Gillette/Venus,Razor (3-blade starter kit),Gillette Venus Smooth Razor,Gillette Mach3 Razor,1,1,Amazon.co.jp,2026-03-10,2725,6028,JPY,1,0,5,HIGH,source=amazon_jp_raw.csv
GILLET-RAZOR3BL-TKY-AUTO075,Tokyo,Gillette/Venus,Razor (3-blade starter kit),Gillette Venus Smooth (handle + 2 cartridges),Gillette Mach3 (handle + 1 cartridge),100,100,Amazon.co.jp,2026-03-10,3492,6028,JPY,0,1,3,HIGH,source=amazon_jp_raw.csv
GILLET-RAZOR3BL-TKY-AUTO076,Tokyo,Gillette/Venus,Razor (3-blade starter kit),Gillette Venus Simply 3 Disposable Razor 3-pack,Gillette Blue3 Disposable Razor 3-pack,100,100,Amazon.co.jp,2026-03-10,1309,5283,JPY,0,0,3,HIGH,source=amazon_jp_raw.csv
GILLET-RAZOR3BL-TKY-AUTO077,Tokyo,Gillette/Venus,Razor (3-blade starter kit),Gillette Venus Embrace Razor + 2 blades,Gillette Mach3 Razor + 2 cartridges,100,100,Amazon.co.jp,2026-03-10,1216,6028,JPY,0,0,3,HIGH,source=amazon_jp_raw.csv
GILLET-RAZORCAR-TKY-AUTO078,Tokyo,Gillette/Venus,Razor Cartridges,Gillette Venus Smooth Cartridges 4-pack,Gillette Mach3 Cartridges 4-pack,100,100,Amazon.co.jp,2026-03-10,1216,6028,JPY,0,1,3,HIGH,source=amazon_jp_raw.csv
GILLET-RAZORCAR-TKY-AUTO079,Tokyo,Gillette/Venus,Razor Cartridges,Gillette Venus Smooth Cartridges 6-pack,Gillette Mach3 Cartridges 6-pack,100,100,Amazon.co.jp,2026-03-10,2725,6028,JPY,0,0,3,HIGH,source=amazon_jp_raw.csv
GODREJ-BARSOAP-TKY-AUTO080,Tokyo,Godrej,Bar Soap,Godrej Nupur Moisturising Soap (100g),Godrej Expert Men Soap (100g),100,100,Amazon.co.jp,2026-03-10,2182,1139,JPY,1,0,3,HIGH,source=amazon_jp_raw.csv
GODREJ-HAIRCOLO-TKY-AUTO081,Tokyo,Godrej,Hair Colour,Godrej Expert Cream Hair Colour Women (120ml),Godrej Expert Men Hair Colour (25ml),120,25,Amazon.co.jp,2026-03-10,2180,1139,JPY,0,1,3,HIGH,source=amazon_jp_raw.csv
HEADSH-CONDITIO-TKY-AUTO085,Tokyo,Head & Shoulders,Conditioner,H&S Smooth & Silky Conditioner 340ml,H&S Men 2-in-1 Anti-Dandruff 340ml,340,340,Amazon.co.jp,2026-03-10,3051,1950,JPY,0,0,3,HIGH,source=amazon_jp_raw.csv
HEADSH-SHAMPOO-TKY-AUTO086,Tokyo,Head & Shoulders,Shampoo,H&S Smooth & Silky Shampoo,H&S Men Ultra Shampoo,100,100,Amazon.co.jp,2026-03-10,2600,1950,JPY,1,0,3,HIGH,source=amazon_jp_raw.csv
HEADSH-SHAMPOO-TKY-AUTO087,Tokyo,Head & Shoulders,Shampoo,H&S Smooth Damage Care Shampoo 440ml,H&S Men Scalp Care Shampoo 400ml,440,400,Amazon.co.jp,2026-03-10,3051,1950,JPY,0,0,3,HIGH,source=amazon_jp_raw.csv
HIMALA-CONDITIO-TKY-AUTO091,Tokyo,Himalaya,Conditioner,Himalaya Protein Conditioner 200ml,Himalaya Men Protein Conditioner 200ml,200,200,Amazon.co.jp,2026-03-10,3490,3490,JPY,0,0,3,HIGH,source=amazon_jp_raw.csv
HIMALA-FACEMOIS-TKY-AUTO092,Tokyo,Himalaya,Face Moisturizer,Himalaya Nourishing Skin Cream 50ml,Himalaya Men Intense Moisturizing Cream 50ml,50,50,Amazon.co.jp,2026-03-10,1250,32010,JPY,0,0,3,HIGH,source=amazon_jp_raw.csv
HIMALA-HANDWASH-TKY-AUTO094,Tokyo,Himalaya,Hand Wash,Himalaya Pure Hands Sparkling Rose Hand Wash 250ml,Himalaya Men Active Fresh Hand Wash 250ml,250,250,Amazon.co.jp,2026-03-10,3222,1379,JPY,1,0,3,HIGH,source=amazon_jp_raw.csv
HIMALA-SHAMPOO-TKY-AUTO095,Tokyo,Himalaya,Shampoo,Himalaya Anti-Dandruff Shampoo Women 200ml,Himalaya Men Anti-Dandruff Shampoo 200ml,200,200,Amazon.co.jp,2026-03-10,1930,1250,JPY,1,0,3,HIGH,source=amazon_jp_raw.csv
HIMALA-TOOTHPAS-TKY-AUTO096,Tokyo,Himalaya,Toothpaste,Himalaya Botanique Whitening Complete Care Toothpa,Himalaya Men Active Fresh Toothpaste 80g,100,80,Amazon.co.jp,2026-03-10,2420,2000,JPY,1,1,3,HIGH,source=amazon_jp_raw.csv
HNS-SHAMP-TKY-01,Tokyo,Head & Shoulders,Shampoo,Head & Shoulders Smooth & Silky Shampoo 440ml,Head & Shoulders Men Scalp Care Shampoo 400ml,440,400,Amazon.co.jp,2026-03-10,2600,3535,JPY,0,0,4,HIGH,source=amazon_jp_raw.csv
HOYU-HAIRCOLO-TKY-AUTO097,Tokyo,Hoyu,Hair Colour,"Hoyu Beauteen Melt Color Women (cream kit, ~80g)",Hoyu Bigen Men's Color Cream (40g),80,40,Amazon.co.jp,2026-03-10,1078,574,JPY,1,0,3,HIGH,source=amazon_jp_raw.csv
HOYU-HAIRCOLO-TKY-AUTO098,Tokyo,Hoyu,Hair Colour,Hoyu Beauteen Color Women Cream (80g),Hoyu Bigen Men's Color Stick (40g),80,40,Amazon.co.jp,2026-03-10,927,3980,JPY,1,0,3,HIGH,source=amazon_jp_raw.csv
INDULE-HAIRCOLO-TKY-AUTO099,Tokyo,Indulekha,Hair Colour,Indulekha Women Bhringa Hair Oil Treatment (100ml),Indulekha Men Hair Colour (25ml),100,25,Amazon.co.jp,2026-03-10,2199,2270,JPY,0,1,3,HIGH,source=amazon_jp_raw.csv
INDULE-HAIRGELS-TKY-AUTO100,Tokyo,Indulekha,Hair Gel / Serum,Indulekha Bringha Hair Serum Women 50ml,Indulekha Men Anti Hairfall Serum 50ml,50,50,Amazon.co.jp,2026-03-10,2199,2270,JPY,0,1,3,HIGH,source=amazon_jp_raw.csv
INDULE-HAIROIL-TKY-AUTO101,Tokyo,Indulekha,Hair Oil,Indulekha Bringha Hair Oil Women 100ml,Indulekha Men Scalp Treatment 100ml,100,100,Amazon.co.jp,2026-03-10,2270,2199,JPY,1,0,3,HIGH,source=amazon_jp_raw.csv
INDULE-SHAMPOO-TKY-AUTO102,Tokyo,Indulekha,Shampoo,Indulekha Bringha Shampoo 200ml,Indulekha Men Hair Vitalizer 200ml,200,200,Amazon.co.jp,2026-03-10,3029,2270,JPY,0,0,3,HIGH,source=amazon_jp_raw.csv
KAO-BODYWASH-TKY-AUTO103,Tokyo,Kao,Body Wash,Kao Jergens Body Wash Sakura Women (450ml),Kao Men's Biore Body Wash Charcoal (440ml),450,440,Amazon.co.jp,2026-03-10,2480,1408,JPY,1,0,3,HIGH,source=amazon_jp_raw.csv
KAO-BODYWASH-TKY-AUTO103,Tokyo,Kao,Body Wash,Kao Jergens Body Wash Sakura Women (450ml),Kao Men's Biore Body Wash Charcoal (440ml),450,440,Rakuten Japan,2026-03-10,1350,1350,JPY,0,0,3,HIGH,source=rakuten_jp_raw.csv
KAO-DEODORAN-TKY-AUTO104,Tokyo,Kao,Deodorant Spray,Kao Biore Deo Spray Refresh Women (150ml),Kao Men's Biore Deo Spray Cool (150ml),150,150,Amazon.co.jp,2026-03-10,2172,1408,JPY,0,0,3,HIGH,source=amazon_jp_raw.csv
KAO-DEODORAN-TKY-AUTO104,Tokyo,Kao,Deodorant Spray,Kao Biore Deo Spray Refresh Women (150ml),Kao Men's Biore Deo Spray Cool (150ml),150,150,Rakuten Japan,2026-03-10,2980,762,JPY,0,0,3,HIGH,source=rakuten_jp_raw.csv
KAO-FACETONE-TKY-AUTO105,Tokyo,Kao,Face Toner,Kao Sofina IP Toner Women (200ml),Kao Men's Biore Toner (160ml),200,160,Amazon.co.jp,2026-03-10,4290,1699,JPY,1,0,3,HIGH,source=amazon_jp_raw.csv
KAO-FACETONE-TKY-AUTO105,Tokyo,Kao,Face Toner,Kao Sofina IP Toner Women (200ml),Kao Men's Biore Toner (160ml),200,160,Rakuten Japan,2026-03-10,374,345,JPY,0,0,3,HIGH,source=rakuten_jp_raw.csv
KAO-HAIRGELS-TKY-AUTO107,Tokyo,Kao,Hair Gel / Serum,Kao Essential Damage Care Serum Women (100ml),Kao Gatsby Moving Rubber Hair Wax (80g),100,80,Amazon.co.jp,2026-03-10,1150,828,JPY,0,0,3,HIGH,source=amazon_jp_raw.csv
KAO-HANDWASH-TKY-AUTO109,Tokyo,Kao,Hand Wash,Kao Soflan Aroma Rich Hand Soap Women (250ml),Kao Men's Biore Hand Soap Refresh (250ml),250,250,Amazon.co.jp,2026-03-10,2611,1648,JPY,1,0,3,HIGH,source=amazon_jp_raw.csv
KAOATR-BODYLOTI-TKY-AUTO110,Tokyo,Kao/Atrix,Body Lotion,Atrix Skin Milk Hand & Body Lotion Women (250ml),Kao Men's Biore Body Milk (200ml),250,200,Amazon.co.jp,2026-03-10,749,1408,JPY,0,0,3,HIGH,source=amazon_jp_raw.csv
KAOATR-BODYWASH-TKY-AUTO111,Tokyo,Kao/Atrix,Body Wash,Atrix Skin Milk Body Wash Women (600ml),Kao Men's Biore Body Wash Ice Cool (450ml),600,450,Amazon.co.jp,2026-03-10,4290,1408,JPY,1,0,3,HIGH,source=amazon_jp_raw.csv
KAOATR-BODYWASH-TKY-AUTO111,Tokyo,Kao/Atrix,Body Wash,Atrix Skin Milk Body Wash Women (600ml),Kao Men's Biore Body Wash Ice Cool (450ml),600,450,Rakuten Japan,2026-03-10,1350,1350,JPY,0,0,3,HIGH,source=rakuten_jp_raw.csv
KAOLIE-HAIRCOLO-TKY-AUTO112,Tokyo,Kao/Liese,Hair Colour,Liese Prettia Bubble Hair Colour Women (108ml+),Kao Blaune Men Hair Colour Cream (40g),108,40,Rakuten Japan,2026-03-10,1980,1980,JPY,0,0,3,HIGH,source=rakuten_jp_raw.csv
KAOLIE-HAIRCOLO-TKY-AUTO113,Tokyo,Kao/Liese,Hair Colour,Kao Liese Creamy Foam Colour Women (cream foam),Kao Blaune Men Hair Color Q (40g),100,40,Amazon.co.jp,2026-03-10,601,828,JPY,0,0,3,HIGH,source=amazon_jp_raw.csv
KAOLIE-HAIRCOLO-TKY-AUTO113,Tokyo,Kao/Liese,Hair Colour,Kao Liese Creamy Foam Colour Women (cream foam),Kao Blaune Men Hair Color Q (40g),100,40,Rakuten Japan,2026-03-10,1518,1980,JPY,0,0,3,HIGH,source=rakuten_jp_raw.csv
KAOMER-BODYWASH-TKY-AUTO116,Tokyo,Kao/Merit,Body Wash,Kao Laurier Body Wash Women 550ml,Kao Men's Biore Body Wash 550ml,550,550,Amazon.co.jp,2026-03-10,4290,1408,JPY,1,0,3,HIGH,source=amazon_jp_raw.csv
KAOMER-CONDITIO-TKY-AUTO117,Tokyo,Kao/Merit,Conditioner,Kao Merit Conditioner 480ml,Kao Merit Men Conditioner 480ml,480,480,Amazon.co.jp,2026-03-10,909,500,JPY,1,1,3,HIGH,source=amazon_jp_raw.csv
KAOMER-CONDITIO-TKY-AUTO117,Tokyo,Kao/Merit,Conditioner,Kao Merit Conditioner 480ml,Kao Merit Men Conditioner 480ml,480,480,Rakuten Japan,2026-03-10,1350,1316,JPY,0,0,3,HIGH,source=rakuten_jp_raw.csv
KAOMER-HAIROIL-TKY-AUTO119,Tokyo,Kao/Merit,Hair Oil,Kao Merit Hair Oil Smooth Women (60ml),Kao Men's Biore Scalp Hair Oil (80ml),60,80,Amazon.co.jp,2026-03-10,3980,828,JPY,1,0,3,HIGH,source=amazon_jp_raw.csv
KAOMER-HAIROIL-TKY-AUTO119,Tokyo,Kao/Merit,Hair Oil,Kao Merit Hair Oil Smooth Women (60ml),Kao Men's Biore Scalp Hair Oil (80ml),60,80,Rakuten Japan,2026-03-10,1980,1518,JPY,0,0,3,HIGH,source=rakuten_jp_raw.csv
KAOMER-SHAMPOO-TKY-AUTO121,Tokyo,Kao/Merit,Shampoo,Kao Merit Shampoo 480ml,Kao Merit Men Shampoo 480ml,480,480,Amazon.co.jp,2026-03-10,1653,1000,JPY,1,0,3,HIGH,source=amazon_jp_raw.csv
KAOMER-SHAMPOO-TKY-AUTO121,Tokyo,Kao/Merit,Shampoo,Kao Merit Shampoo 480ml,Kao Merit Men Shampoo 480ml,480,480,Rakuten Japan,2026-03-10,2445,1316,JPY,0,0,3,HIGH,source=rakuten_jp_raw.csv
KAOMER-TOOTHPAS-TKY-AUTO122,Tokyo,Kao/Merit,Toothpaste,Kao Clear Clean Premium Toothpaste Women 120g,Kao Clear Clean Men Toothpaste 120g,120,120,Amazon.co.jp,2026-03-10,723,1114,JPY,0,0,3,HIGH,source=amazon_jp_raw.csv
KOSESO-FACEMOIS-TKY-AUTO123,Tokyo,Kose/Softymo,Face Moisturizer,Kose Softymo Speedy Cleansing Oil Face Cream Women,Kose Men Softymo Face Cream 50ml,100,50,Amazon.co.jp,2026-03-10,727,1580,JPY,0,1,3,HIGH,source=amazon_jp_raw.csv
KOSESO-FACETONE-TKY-AUTO124,Tokyo,Kose/Softymo,Face Toner,Kose Softymo Speedy Cleansing Toner Women (230ml),Kose Men's Speedy Toner (200ml),230,200,Amazon.co.jp,2026-03-10,845,2980,JPY,0,1,3,HIGH,source=amazon_jp_raw.csv
KOSESO-FACIALCL-TKY-AUTO125,Tokyo,Kose/Softymo,Facial Cleanser,Kose Softymo Speedy Cleansing Oil Women 200ml,Kose Men Softymo Face Wash 150ml,200,150,Amazon.co.jp,2026-03-10,1467,1320,JPY,1,0,3,HIGH,source=amazon_jp_raw.csv
KOSESO-HAIRGELS-TKY-AUTO126,Tokyo,Kose/Softymo,Hair Gel / Serum,Kose Softymo Hair Serum Women 100ml,Kose Men Softymo Styling Wax 80g,100,80,Amazon.co.jp,2026-03-10,880,1064,JPY,0,0,3,HIGH,source=amazon_jp_raw.csv
KOSESO-SHAMPOO-TKY-AUTO127,Tokyo,Kose/Softymo,Shampoo,Kose Softymo Speedy Shampoo Women 500ml,Kose Men Softymo Shampoo 500ml,500,500,Amazon.co.jp,2026-03-10,2160,794,JPY,0,0,3,HIGH,source=amazon_jp_raw.csv
KOSESO-SUNSCREE-TKY-AUTO128,Tokyo,Kose/Softymo,Sunscreen,Kose Suncut Perfect UV Cream SPF50+ 50ml,Kose Men Suncut UV Protect Milk 50ml,50,50,Amazon.co.jp,2026-03-10,722,2200,JPY,0,1,3,HIGH,source=amazon_jp_raw.csv
KRASTA-HAIROIL-TKY-AUTO129,Tokyo,Kérastase,Hair Oil,Kérastase Elixir Ultime Original Serum Women (125m,Kérastase Genesis Homme Fortifying Serum Men (90ml,100,90,Amazon.co.jp,2026-03-10,4180,4180,JPY,0,1,3,HIGH,source=amazon_jp_raw.csv
KRASTA-SHAMPOO-TKY-AUTO130,Tokyo,Kérastase,Shampoo,Kérastase Bain Satin 1 Shampoo (250ml),Kérastase Homme Bain Energisant (250ml),250,250,Amazon.co.jp,2026-03-10,4180,4180,JPY,1,0,3,HIGH,source=amazon_jp_raw.csv
LAKME-FACEMOIS-TKY-AUTO137,Tokyo,Lakme,Face Moisturizer,Lakme Peach Milk Moisturizer SPF 24 60ml,Garnier Men PowerWhite Moisturizer 45ml,60,45,Amazon.co.jp,2026-03-10,1601,1726,JPY,0,0,3,HIGH,source=amazon_jp_raw.csv
LION-BARSOAP-TKY-AUTO140,Tokyo,Lion,Bar Soap,Lion Look Natural Select Bar Soap 100g,Lion Look Natural Men Bar Soap 100g,100,100,Amazon.co.jp,2026-03-10,1699,600,JPY,0,0,3,HIGH,source=amazon_jp_raw.csv
LION-BODYLOTI-TKY-AUTO141,Tokyo,Lion,Body Lotion,Lion Soflan Premium Rich Body Milk Women (200ml),Lion Men's Soflan Body Lotion (200ml),200,200,Amazon.co.jp,2026-03-10,3429,1055,JPY,1,0,3,HIGH,source=amazon_jp_raw.csv
LION-BODYWASH-TKY-AUTO142,Tokyo,Lion,Body Wash,Lion Softymo Lux Super Moisture Body Wash 450ml,Lion Softymo Men Speed Wash 450ml,450,450,Amazon.co.jp,2026-03-10,3429,1055,JPY,1,0,3,HIGH,source=amazon_jp_raw.csv
LION-CONDITIO-TKY-AUTO143,Tokyo,Lion,Conditioner,Lion Systema Scalp Conditioner Women (400ml),Lion Banon Men Conditioner (400ml),400,400,Amazon.co.jp,2026-03-10,579,598,JPY,0,1,3,HIGH,source=amazon_jp_raw.csv
LION-CONDITIO-TKY-AUTO143,Tokyo,Lion,Conditioner,Lion Systema Scalp Conditioner Women (400ml),Lion Banon Men Conditioner (400ml),400,400,Rakuten Japan,2026-03-10,2130,1635,JPY,0,0,3,HIGH,source=rakuten_jp_raw.csv
LION-FACIALCL-TKY-AUTO146,Tokyo,Lion,Facial Cleanser,Lion System Skin Female Face Wash (130g),Lion Pair Acne Clear Wash Men (80g),130,80,Amazon.co.jp,2026-03-10,579,1678,JPY,0,1,3,HIGH,source=amazon_jp_raw.csv
LION-HANDWASH-TKY-AUTO147,Tokyo,Lion,Hand Wash,Lion Kirei Kirei Medicated Foam Hand Soap Women (2,Lion Kirei Kirei Men Cool Hand Soap (250ml),100,250,Amazon.co.jp,2026-03-10,930,2603,JPY,0,0,3,HIGH,source=amazon_jp_raw.csv
LION-SUNSCREE-TKY-AUTO149,Tokyo,Lion,Sunscreen,Lion Soflan Premium UV Milk Women SPF50 (60ml),Lion Ban Sun Block Men SPF50 (60ml),60,60,Amazon.co.jp,2026-03-10,1680,990,JPY,0,0,3,HIGH,source=amazon_jp_raw.csv
LION-TOOTHPAS-TKY-AUTO150,Tokyo,Lion,Toothpaste,Lion Clinica Advantage Fresh Toothpaste 130g,Lion Clinica Men Cool Toothpaste 130g,130,130,Amazon.co.jp,2026-03-10,2980,945,JPY,0,1,3,HIGH,source=amazon_jp_raw.csv
LION-TOOTHPAS-TKY-AUTO150,Tokyo,Lion,Toothpaste,Lion Clinica Advantage Fresh Toothpaste 130g,Lion Clinica Men Cool Toothpaste 130g,130,130,Rakuten Japan,2026-03-10,2870,1000,JPY,0,0,3,HIGH,source=rakuten_jp_raw.csv
LION-TOOTHPAS-TKY-AUTO151,Tokyo,Lion,Toothpaste,Lion Systema Haguki Plus Toothpaste 95g,Lion Systema Men Fresh Toothpaste 95g,95,95,Amazon.co.jp,2026-03-10,882,2120,JPY,0,0,3,HIGH,source=amazon_jp_raw.csv
LION-TOOTHPAS-TKY-AUTO151,Tokyo,Lion,Toothpaste,Lion Systema Haguki Plus Toothpaste 95g,Lion Systema Men Fresh Toothpaste 95g,95,95,Rakuten Japan,2026-03-10,2600,389,JPY,0,0,3,HIGH,source=rakuten_jp_raw.csv
LION-TOOTHPAS-TKY-AUTO152,Tokyo,Lion,Toothpaste,Lion Systema Haguki Women Gel Toothpaste (95g),Lion Dentor Systema Men Toothpaste (95g),95,95,Amazon.co.jp,2026-03-10,4790,4790,JPY,1,1,3,HIGH,source=amazon_jp_raw.csv
LOREAL-FACEMOIS-TKY-AUTO132,Tokyo,L'Oreal,Face Moisturizer,L'Oreal Paris Revitalift Day Cream 50ml,L'Oreal Men Expert Hydra Energetic Moisturizer 50m,50,100,Amazon.co.jp,2026-03-10,1467,6600,JPY,1,1,3,HIGH,source=amazon_jp_raw.csv
LOREAL-FACIALCL-TKY-AUTO133,Tokyo,L'Oreal,Facial Cleanser,L'Oreal Paris Pure Clay Face Wash Women 100ml,L'Oreal Men Expert Pure & Matte Face Wash 100ml,100,100,Amazon.co.jp,2026-03-10,5390,5390,JPY,0,0,3,HIGH,source=amazon_jp_raw.csv
LOREAL-HAIRCOLO-TKY-AUTO135,Tokyo,L'Oreal,Hair Colour,"L'Oreal Excellence Creme (women, 72ml)",L'Oreal Men Expert One-Twist (40ml),72,40,Amazon.co.jp,2026-03-10,1419,1969,JPY,0,1,3,HIGH,source=amazon_jp_raw.csv
LOREAL-SHAMPOO-TKY-AUTO136,Tokyo,L'Oreal,Shampoo,L'Oreal Paris Total Repair 5 Shampoo 360ml,L'Oreal Men Expert Pure & Matte Shampoo 360ml,360,360,Amazon.co.jp,2026-03-10,2530,5390,JPY,0,0,3,HIGH,source=amazon_jp_raw.csv
LUX-BARSOAP-TKY-AUTO155,Tokyo,Lux,Bar Soap,Lux Soft Touch Soap 100g,Lux Men Sport Fresh Soap 100g,100,100,Amazon.co.jp,2026-03-10,1236,2749,JPY,0,0,3,HIGH,source=amazon_jp_raw.csv
LUX-BODYWASH-TKY-AUTO156,Tokyo,Lux,Body Wash,Lux Velvet Touch Shower Gel 500ml,Lux Men Sport Fresh Shower Gel 500ml,500,500,Amazon.co.jp,2026-03-10,871,937,JPY,0,1,3,HIGH,source=amazon_jp_raw.csv
MAMAEA-BODYWASH-TKY-AUTO158,Tokyo,Mamaearth,Body Wash,Mamaearth Ubtan Body Wash with Turmeric 300ml,Mamaearth Men Charcoal Body Wash 300ml,300,300,Amazon.co.jp,2026-03-10,2085,1890,JPY,0,0,3,HIGH,source=amazon_jp_raw.csv
MAMAEA-CONDITIO-TKY-AUTO159,Tokyo,Mamaearth,Conditioner,Mamaearth Onion Conditioner Women (250ml),Mamaearth Men Anti-Dandruff Conditioner (250ml),250,250,Amazon.co.jp,2026-03-10,4400,4180,JPY,1,1,3,HIGH,source=amazon_jp_raw.csv
MAMAEA-FACEMOIS-TKY-AUTO160,Tokyo,Mamaearth,Face Moisturizer,Mamaearth Vitamin C Day Cream 50g,Mamaearth Men SPF 50 Day Cream 50g,50,50,Amazon.co.jp,2026-03-10,2085,2200,JPY,0,0,3,HIGH,source=amazon_jp_raw.csv
MAMAEA-FACETONE-TKY-AUTO161,Tokyo,Mamaearth,Face Toner,Mamaearth Rose Water Toner Women 200ml,Mamaearth Men Charcoal Toner 200ml,200,200,Amazon.co.jp,2026-03-10,2085,2200,JPY,1,0,3,HIGH,source=amazon_jp_raw.csv
MAMAEA-FACIALCL-TKY-AUTO162,Tokyo,Mamaearth,Facial Cleanser,Mamaearth Ubtan Face Wash 100ml,Mamaearth CFC Free Charcoal Face Wash 100ml,100,100,Amazon.co.jp,2026-03-10,2390,1890,JPY,1,0,3,HIGH,source=amazon_jp_raw.csv
MANDOM-CONDITIO-TKY-AUTO170,Tokyo,Mandom,Conditioner,Lucido-L Conditioner Women (400ml),Lucido Men Conditioner (400ml),400,400,Amazon.co.jp,2026-03-10,660,398,JPY,0,0,3,HIGH,source=amazon_jp_raw.csv
MANDOM-CONDITIO-TKY-AUTO170,Tokyo,Mandom,Conditioner,Lucido-L Conditioner Women (400ml),Lucido Men Conditioner (400ml),400,400,Rakuten Japan,2026-03-10,1320,1980,JPY,0,0,3,HIGH,source=rakuten_jp_raw.csv
MANDOM-DEODORAN-TKY-AUTO175,Tokyo,Mandom/Gatsby,Deodorant Spray,Mandom Lucido Lady Deo Spray 150ml,Gatsby Deodorant Body Spray Men 150ml,150,150,Amazon.co.jp,2026-03-10,1321,982,JPY,0,0,3,HIGH,source=amazon_jp_raw.csv
MANDOM-DEODORAN-TKY-AUTO175,Tokyo,Mandom/Gatsby,Deodorant Spray,Mandom Lucido Lady Deo Spray 150ml,Gatsby Deodorant Body Spray Men 150ml,150,150,Rakuten Japan,2026-03-10,2480,2949,JPY,0,0,3,HIGH,source=rakuten_jp_raw.csv
MANDOM-FACIALCL-TKY-AUTO171,Tokyo,Mandom,Facial Cleanser,Lucido-L Cleansing Foam Women (130g),Gatsby Facial Wash Ice-type Men (130g),130,130,Amazon.co.jp,2026-03-10,1255,720,JPY,0,0,3,HIGH,source=amazon_jp_raw.csv
MANDOM-FACIALCL-TKY-AUTO176,Tokyo,Mandom/Gatsby,Facial Cleanser,Mandom Lucido Lady Gentle Face Wash 120ml,Gatsby Facial Wash Oil Clear 130ml,120,130,Rakuten Japan,2026-03-10,550,897,JPY,0,0,3,HIGH,source=rakuten_jp_raw.csv
MANDOM-HAIRGELS-TKY-AUTO172,Tokyo,Mandom,Hair Gel / Serum,Lucido-L Hair Serum Argan Oil Women (60ml),Gatsby Moving Rubber Wild Shake (80g),60,80,Rakuten Japan,2026-03-10,897,897,JPY,0,0,3,HIGH,source=rakuten_jp_raw.csv
MANDOM-HAIRGELS-TKY-AUTO177,Tokyo,Mandom/Gatsby,Hair Gel / Serum,Mandom Lucido Style Mix Serum Women 150ml,Gatsby Water Gloss Ultra Hard Men 300ml,150,300,Amazon.co.jp,2026-03-10,1334,660,JPY,1,0,3,HIGH,source=amazon_jp_raw.csv
MANDOM-HAIRGELS-TKY-AUTO177,Tokyo,Mandom/Gatsby,Hair Gel / Serum,Mandom Lucido Style Mix Serum Women 150ml,Gatsby Water Gloss Ultra Hard Men 300ml,150,300,Rakuten Japan,2026-03-10,897,897,JPY,0,0,3,HIGH,source=rakuten_jp_raw.csv
MANDOM-HAIROIL-TKY-AUTO173,Tokyo,Mandom,Hair Oil,Lucido-L Women Argan Hair Treatment Oil (60ml),Lucido Men Hair Water (200ml),60,200,Amazon.co.jp,2026-03-10,1150,2145,JPY,0,0,3,HIGH,source=amazon_jp_raw.csv
MANDOM-HAIROIL-TKY-AUTO173,Tokyo,Mandom,Hair Oil,Lucido-L Women Argan Hair Treatment Oil (60ml),Lucido Men Hair Water (200ml),60,200,Rakuten Japan,2026-03-10,897,897,JPY,0,0,3,HIGH,source=rakuten_jp_raw.csv
MANDOM-SHAMPOO-TKY-AUTO174,Tokyo,Mandom,Shampoo,Lucido-L Shampoo Women (400ml),Lucido Men Shampoo (400ml),400,400,Amazon.co.jp,2026-03-10,982,982,JPY,0,0,3,HIGH,source=amazon_jp_raw.csv
MEDIMI-BARSOAP-TKY-AUTO178,Tokyo,Medimix,Bar Soap,Medimix Ayurvedic Natural Glycerine Soap 100g,Medimix Men Active Soap 100g,100,100,Amazon.co.jp,2026-03-10,2020,3800,JPY,1,1,3,HIGH,source=amazon_jp_raw.csv
MINIMA-SUNSCREE-TKY-AUTO181,Tokyo,Minimalist,Sunscreen,Minimalist SPF 50 PA++++ Sunscreen Women (50ml),Minimalist Men SPF 30 (50ml),50,50,Amazon.co.jp,2026-03-10,3783,3465,JPY,0,0,3,HIGH,source=amazon_jp_raw.csv
NEUTRO-FACEMOIS-TKY-AUTO182,Tokyo,Neutrogena,Face Moisturizer,Neutrogena Hydro Boost Water Gel 50ml,Neutrogena Men Hydro Boost Gel 50ml,50,50,Amazon.co.jp,2026-03-10,3856,3650,JPY,0,0,3,HIGH,source=amazon_jp_raw.csv
NEUTRO-HANDCREA-TKY-AUTO183,Tokyo,Neutrogena,Hand Cream,Neutrogena Norwegian Formula Hand Cream Women 50ml,Neutrogena Men Norwegian Formula Hand Cream 50ml,50,50,Amazon.co.jp,2026-03-10,2018,1129,JPY,0,0,3,HIGH,source=amazon_jp_raw.csv
NEUTRO-SUNSCREE-TKY-AUTO184,Tokyo,Neutrogena,Sunscreen,Neutrogena Ultra Sheer Sunscreen SPF 50+ Women 88m,Neutrogena Men Triple Protect SPF 20 Face Lotion 8,100,100,Amazon.co.jp,2026-03-10,638,2580,JPY,0,1,3,HIGH,source=amazon_jp_raw.csv
NIVEA-BODYLOTI-TKY-AUTO185,Tokyo,Nivea,Body Lotion,Nivea Soft Moisturizing Cream 200ml,Nivea Men Creme 150ml,200,150,Amazon.co.jp,2026-03-10,465,377,JPY,0,1,3,HIGH,source=amazon_jp_raw.csv
NIVEA-BODYLOTI-TKY-AUTO186,Tokyo,Nivea,Body Lotion,Nivea Soft Cream 200ml,Nivea Men Cream 150ml,200,150,Amazon.co.jp,2026-03-10,808,2057,JPY,0,0,3,HIGH,source=amazon_jp_raw.csv
NIVEA-BODYWASH-TKY-AUTO187,Tokyo,Nivea,Body Wash,Nivea Waterlily & Oil Body Wash,Nivea Men Deep Black Charcoal Body Wash,100,100,Amazon.co.jp,2026-03-10,548,1765,JPY,0,0,3,HIGH,source=amazon_jp_raw.csv
NIVEA-BODYWASH-TKY-AUTO187,Tokyo,Nivea,Body Wash,Nivea Waterlily & Oil Body Wash,Nivea Men Deep Black Charcoal Body Wash,100,100,Rakuten Japan,2026-03-10,3390,4480,JPY,0,0,3,HIGH,source=rakuten_jp_raw.csv
NIVEA-DEO-TKY-01,Tokyo,Nivea,Deodorant Roll-On,Nivea Pearl & Beauty Roll-On 50ml,Nivea Men Deep Roll-On 50ml,50,50,Rakuten Japan,2026-03-10,4480,4480,JPY,0,0,5,HIGH,source=rakuten_jp_raw.csv
NIVEA-DEODORAN-TKY-AUTO189,Tokyo,Nivea,Deodorant Roll-On,Nivea Pearl & Beauty Roll-On 50ml,Nivea Men Deep Roll-On 50ml,50,50,Amazon.co.jp,2026-03-10,2358,3146,JPY,0,1,3,HIGH,source=amazon_jp_raw.csv
NIVEA-DEODORAN-TKY-AUTO191,Tokyo,Nivea,Deodorant Spray,Nivea Whitening Deo Spray 150ml,Nivea Men Silver Protect Spray 150ml,150,150,Amazon.co.jp,2026-03-10,2980,1984,JPY,0,1,3,HIGH,source=amazon_jp_raw.csv
NIVEA-FACEMOIS-TKY-AUTO192,Tokyo,Nivea,Face Moisturizer,Nivea Rich Serum Concentrate 30ml,Nivea Men Gel Cream 30ml,30,30,Amazon.co.jp,2026-03-10,1100,377,JPY,1,1,3,HIGH,source=amazon_jp_raw.csv
NIVEA-FACIALCL-TKY-AUTO193,Tokyo,Nivea,Facial Cleanser,Nivea Refreshing Face Wash 100ml,Nivea Men All-In-1 Charcoal Face Wash 100ml,100,100,Amazon.co.jp,2026-03-10,396,1210,JPY,1,0,3,HIGH,source=amazon_jp_raw.csv
NIVEA-HANDCREA-TKY-AUTO194,Tokyo,Nivea,Hand Cream,Nivea Extra Rich Caring Hand Cream 100ml,Nivea Men Quick Dry Hand Gel 100ml,100,100,Amazon.co.jp,2026-03-10,2827,1082,JPY,1,1,3,HIGH,source=amazon_jp_raw.csv
NIVEA-HANDCREA-TKY-AUTO194,Tokyo,Nivea,Hand Cream,Nivea Extra Rich Caring Hand Cream 100ml,Nivea Men Quick Dry Hand Gel 100ml,100,100,Rakuten Japan,2026-03-10,1150,1790,JPY,0,0,3,HIGH,source=rakuten_jp_raw.csv
OLAY-BODYWASH-TKY-AUTO195,Tokyo,Olay,Body Wash,Olay Natural White Body Wash,Olay Men Solutions Body Wash,100,100,Amazon.co.jp,2026-03-10,1572,990,JPY,0,0,3,HIGH,source=amazon_jp_raw.csv
OLAY-BODYWASH-TKY-AUTO196,Tokyo,Olay,Body Wash,Olay Natural White Body Wash 430ml,Olay Men Body Wash 430ml,430,430,Amazon.co.jp,2026-03-10,25300,2390,JPY,1,1,3,HIGH,source=amazon_jp_raw.csv
OLAY-FACEMOIS-TKY-AUTO197,Tokyo,Olay,Face Moisturizer,Olay Total Effects 7-in-1 Day Cream 50g,Olay Men Solutions Sensitive Moisturizer 50g,50,50,Amazon.co.jp,2026-03-10,6800,1980,JPY,0,0,3,HIGH,source=amazon_jp_raw.csv
OLAY-FACEMOIS-TKY-AUTO198,Tokyo,Olay,Face Moisturizer,Olay Total Effects Day Cream 50ml,Olay Men Solutions Face Moisturizer 50ml,50,50,Amazon.co.jp,2026-03-10,1980,1320,JPY,0,1,3,HIGH,source=amazon_jp_raw.csv
ORALB-TOOTHPAS-TKY-AUTO200,Tokyo,Oral-B,Toothpaste,Oral-B Whitening (100g),Oral-B Pro-Expert Men (100g),100,100,Amazon.co.jp,2026-03-10,3580,1699,JPY,1,0,3,HIGH,source=amazon_jp_raw.csv
PALMOL-BODYWASH-TKY-AUTO201,Tokyo,Palmolive,Body Wash,Palmolive Aroma Therapy Relaxing Body Wash Women (,Palmolive Men Icy Rush Body Wash (250ml),100,250,Amazon.co.jp,2026-03-10,2499,4680,JPY,0,0,3,HIGH,source=amazon_jp_raw.csv
PANTEN-SHAMPOO-TKY-AUTO204,Tokyo,Pantene,Shampoo,Pantene Silky Smooth Shampoo 340ml,Pantene Men Anti-Dandruff Shampoo 340ml,340,340,Amazon.co.jp,2026-03-10,2246,720,JPY,0,0,3,HIGH,source=amazon_jp_raw.csv
PANTEN-SHAMPOO-TKY-AUTO205,Tokyo,Pantene,Shampoo,Pantene Silky Smooth Care Shampoo 400ml,Pantene Men Anti-Dandruff Shampoo 400ml,400,400,Amazon.co.jp,2026-03-10,2246,1430,JPY,0,0,3,HIGH,source=amazon_jp_raw.csv
PANTENE-SHAMP-TKY-01,Tokyo,Pantene,Shampoo,Pantene Silky Smooth Care Shampoo 400ml,Pantene Men Anti-Dandruff Shampoo 400ml,400,400,Amazon.co.jp,2026-03-10,720,662,JPY,0,0,4,HIGH,source=amazon_jp_raw.csv
PARACH-BODYLOTI-TKY-AUTO207,Tokyo,Parachute,Body Lotion,Parachute Advansed Body Lotion Soft Touch 250ml,Parachute Men After Shower Lotion 250ml,250,250,Amazon.co.jp,2026-03-10,144866,2648,JPY,0,0,3,HIGH,source=amazon_jp_raw.csv
PARACH-BODYLOTI-TKY-AUTO208,Tokyo,Parachute,Body Lotion,Parachute Advansed Deep Nourish Lotion 400ml,Parachute Men Extra Moisturising 400ml,400,400,Amazon.co.jp,2026-03-10,3127,2648,JPY,0,0,3,HIGH,source=amazon_jp_raw.csv
PELICA-BARSOAP-TKY-AUTO212,Tokyo,Pelican,Bar Soap,Pelican Soap Uruoi Women (80g),Pelican Soap Men's Clean (80g),80,80,Amazon.co.jp,2026-03-10,1552,1100,JPY,0,0,3,HIGH,source=amazon_jp_raw.csv
POLA-BARSOAP-TKY-AUTO216,Tokyo,Pola,Bar Soap,Pola Aroma Essence Soap Women (100g),Pola Grooming Agency Soap Men (100g),100,100,Amazon.co.jp,2026-03-10,3015,2336,JPY,0,0,3,HIGH,source=amazon_jp_raw.csv
POLA-BARSOAP-TKY-AUTO216,Tokyo,Pola,Bar Soap,Pola Aroma Essence Soap Women (100g),Pola Grooming Agency Soap Men (100g),100,100,Rakuten Japan,2026-03-10,1000,1842,JPY,0,0,3,HIGH,source=rakuten_jp_raw.csv
POLA-BODYLOTI-TKY-AUTO217,Tokyo,Pola,Body Lotion,Pola B.A. Body Lotion Women (200ml),Pola Grooming Agency Body Gel Men (150ml),200,150,Rakuten Japan,2026-03-10,3199,3598,JPY,0,0,3,HIGH,source=rakuten_jp_raw.csv
POLA-BODYWASH-TKY-AUTO218,Tokyo,Pola,Body Wash,Pola B.A. Body Wash Women (600ml),Pola Grooming Agency Body Wash Men (500ml),600,500,Amazon.co.jp,2026-03-10,2336,2336,JPY,1,1,3,HIGH,source=amazon_jp_raw.csv
POLA-BODYWASH-TKY-AUTO218,Tokyo,Pola,Body Wash,Pola B.A. Body Wash Women (600ml),Pola Grooming Agency Body Wash Men (500ml),600,500,Rakuten Japan,2026-03-10,1498,3755,JPY,0,0,3,HIGH,source=rakuten_jp_raw.csv
POLA-FACEMOIS-TKY-AUTO219,Tokyo,Pola,Face Moisturizer,Pola B.A Moisture Cream Women 30ml,Pola Men BA Cream 30ml,30,30,Amazon.co.jp,2026-03-10,1624,1624,JPY,0,0,3,HIGH,source=amazon_jp_raw.csv
SHIS-SHAMP-TKY-01,Tokyo,Shiseido,Shampoo,Shiseido Tsubaki Premium Moist Shampoo 490ml,Shiseido Men Scalp Care Shampoo 300ml,490,300,Amazon.co.jp,2026-03-10,2799,4730,JPY,0,1,4,HIGH,source=amazon_jp_raw.csv
SHIS-SHAMP-TKY-01,Tokyo,Shiseido,Shampoo,Shiseido Tsubaki Premium Moist Shampoo 490ml,Shiseido Men Scalp Care Shampoo 300ml,490,300,Rakuten Japan,2026-03-10,3620,3900,JPY,0,0,4,HIGH,source=rakuten_jp_raw.csv
